asin,category,rating,review_title,body_en,sentiment_weak,manual_label
B0GGLXDQM8,coffee maker,1,Buyer beware - don't make the mistake of buying this product,"I wanted to love this coffee maker so much, I really did. It's definitely a fun design and looks great, and it worked like a charm for a couple of months, but then I started having the same issue that so many others started having when their pot wasn't very old. It started steaming up a storm (literally making the machine soaking wet with steam sweat as it tried to brew) and brewing very, very little coffee... and having a burnt taste to what actually did end up in the pot. On top of that, the carafe is incredibly thin and fragile. My first one cracked by the handle within weeks, and after some teeth pulling I managed to get a replacement from the company... but then, a little over a month later, the brewer itself stopped working. I know I've read about a 1-year warranty, but I honestly don't even think it's worth the hassle trying to get a replacement for a crappy coffee brewer that's just going to crap out on me again after a few months. For example, when I tried to get a replacement carafe... I first contacted Amazon and was told I had to go directly to Nostalgia, so I did. I emailed them first, but after many days did not hear back. I then found a phone number and called. After a looooooong hold time I finally spoke to someone and she was very nice and said she was sending me a new pot (despite their website saying they were out of stock). A day after I spoke to this lady on the phone someone else replied to my email and said they couldn't send me a new carafe. I told her that I spoke to someone who said they would send me a new carafe to which this person basically replied, ""so she did."" It sounded like the person on the email didn't want to send me a replacement at all despite them actually having them in stock. I'm glad I got someone on the phone, because they did come through... but that's still a bit shady - hence why I don't even feel like dealing with trying to replace the whole crappy unit now that it's crapped out on me. I'm sadly tossing this in the trash and putting money towards a top rated and top notch coffee brewer. No fun nostalgia in my kitchen, design wise, but I'd rather have functionality any day of the week.",negative,negative
B0014D8GTY,yamaha acoustic guitar,1,Lost all brightness and sustain too quickly,"They lasted about 2 weeks of fairly regular playing. Replaced them with another brand and 6 weeks later, still bright as ever.",negative,negative
B002YX0GAA,candle,1,Package not secured.,"Package was not secured, I had to clean the mess. Smells good though",negative,negative
B08FJ678YK,air purifier,1,WARNING WARNING WARNING,"I've made a complaint to amazon supoprt. If you haven't noticed it like my this product is not European, its American and 110 volts. No idea why they are listing it on European site without sufficient warning. Better tittle might be Levoit Vital 100 Air Purifiers (110 volt US)",negative,negative
B0006ZAU22,yamaha acoustic guitar,2,Electric features disconnect intermittently,"While I love this guitar as an acoustic, the electric features leave much to be desired. I purchased this for play in live settings, but learned soon after the purchase that the amplification would stop for no reason right in the middle of a song. It only requires that the cable be unplugged and reinserted, but this is very inconvenient when it happens mid song. Acoustically I would give this guitar 5 stars. Electrically I give it 2 stars.",negative,negative
B00006IV0Q,coffee maker,1,Doesn't work in most of the world!,"it's 110volts, half-powered and will burn itself up if you simply use an adapter. very inconvenient and expensive to return to las vegas.",negative,negative
B0D1DRYBTN,electric toothbrush,1,Termina siendo un cepillo manual,"Don't buy it!! It's throwing your money away, it suddenly stops working, the charger doesn't charge, the motor stops working... and it stops working when you can't return it, and the warranty is a problem! LOOK FOR ANOTHER OPTION",negative,negative
B0DGFXBFCT,instant pot,1,Very Disappointed – Would Not Recommend,"I do not recommend this pressure cooker to anyone. Buying it was a big mistake, and I regret spending money on it. The baking function is terrible. No matter what I tried, cakes and other baked food always came out undercooked in the middle. Rice and other grains also cook poorly and often do not turn out properly. The only thing it does reasonably well is make soup. The biggest problem is the lid. It is very heavy and difficult to close correctly. We used this cooker for only a few months. One day we closed the lid, and now it is completely stuck. It will not turn or open no matter what we do. This is unacceptable for a product like this. I am very disappointed with this purchase and would never buy this product again. I hope my review helps others avoid making the same mistake.",negative,negative
B0C1Z64LJR,t-shirt,1,Missing item,"Very disappointed with this purchase I only received 2 shirts it was supposed to be 3 , and the shirts where grossly oversized, the size tag was cut off . I did not return the items because it would have cost me another 40 au$",negative,negative
B0DL86NC5Z,portable charger,1,El cargador de iPhone no funcionaba correctamente,"I had to return the charger. At first it worked fine, but after a couple of uses, the iPhone charger stopped working. I had to unplug it and plug it back in to get it to charge again.",negative,negative
B08WSTTCMG,electric toothbrush,1,Mismatched items cost time and money!,"I had one of these and loved it. I even rave about the product to my friends and bought one for Christmas as a gift for one of my best friends. It ended up being a mistake with plenty of consequences. The unit didn’t work, and after several attempts of investigating it once she turned it over to me, I found that the base unit and the toothbrush don’t match IDs, so the highly touted wireless connection didn’t work and would never work since they are tied to the unit’s ID. This careless mistake on the manufacturer’s side meant I was forced to take back the present and return it. I had to then personally repack it and bring it to the post office and pay $66.60 to ship it back. Amazon is only going to reimburse me for half of that, and only weeks from now. Terrible service on both Amazon’s part (I’ve always been able to get returns picked up but they don’t offer it anymore) as well as Waterpik for screwing up in the first place!",negative,negative
B0C4BZ28PG,bluetooth speaker,2,Look elsewhere,"I would not recommend this soundbar. I give it 2 stars because it does improve the sound of the tv speakers, it is relatively easy to set up with a Fire tv, and the control of the soundbar works seamlessly with the Fire tv remote; but there are so many glitches that make it undesirable. First of all, the sound quality is improved over the tinny tv speakers but nothing to blow you away. I have it in a small bedroom, and the sound quality is merely acceptable. Secondly, the volume control only increases or decreases by 2's. (For example: 20,22,24, etc). This isn't a deal breaker, but it's annoying to not have control over it. Lastly, and most bothersome, whenever there is a power blip, I have to perform what is called an HDMI handshake. I have to unplug the HDMI cable from both the tv and the speaker, turn everything off, wait 30 seconds, and then reconnect and turn the volume extremely high before it kicks back in. I sometimes need to perform this several times before I get any sound from the bar. I have owned numerous other soundbars through the years and have never been this disappointed with the quality and performance.",negative,negative
B0H6M2J4GK,coffee maker,1,No customer service when things go wrongly,"Stay away!!! I ordered this machine because I have limited space. It made OK coffee but it broke within two months. Since the coffee pot is made and sold via a Chinese company, there is no customer service and I guess no warranty either. I went to their website but the contact information tab doesn’t display contact info. I went to the Amazon online store and again no contact information. Shame on Amazon for associating with such a vendor.",negative,negative
B0BRKPVZB4,bluetooth speaker,1,سيئه للغايه,I received it today and since the time it arrived I have been putting it on the charger because I thought the battery was empty and until now it has been 5 hours and every time I start playing music it turns off. I think that those who wrote comments belong to the seller.,negative,negative
B0GF1GYKW5,desk lamp LED,1,Buyer Beware,"If I could give it zero stars, I would. It doesn't hold its shape at all and sags with time. The light is not very bright a d the settings don't change the brightness very much.",negative,negative
B0FVTJN9Y2,phone stand,1,Not charging fast,Does charger past 50%,negative,negative
B0BN6RRD5V,gaming chair,2,Stoel van matige kwaliteit,"The chair soon started to creak and the foam in the seat is very thin, so you quickly sit on the wood. After 6 months of use, the covering (skin) begins to wear and chafe.",negative,negative
B002YI2IG0,coffee maker,2,A cafeteira nao esta esquentando a cafe suficientemente.,"The coffee maker is not heating the coffee sufficiently. I've always liked this brand, but this machine isn't working properly.",negative,negative
B089P1LLFS,yamaha acoustic guitar,1,"Not an adult size, made for kids","Had to return as I had ordered it for myself (an adult) and because it’s not well listed, it’s actually a child sized guitar. Was very disappointed, as I really wanted a pink guitar.",negative,negative
B0CR6BWHQN,coffee maker,1,"Turns on, doesn't brew","I just received this coffee maker in the mail last night. Was so excited to use it this morning, but when I turned it on, nothing came out. I've looked up instructions on the internet and Youtube to make sure I did it right. Multiple times, I filled it with water and grinds, turned it on, clicked the brew button, and 30 minutes later there was still no coffee. Disappointed, and a total waste of money.",negative,negative
B0FJ891D8Y,coffee maker,1,Misleading and not true to product stated,Terrible the volts on the machine is too high for uk and Irish households and the plug isn’t a three pronged plug but a two pronged one even though it says it’s for uk and Europe households so I would suggest this machine and on top of that the portafilter is quite cheap feeling aswell so I will be returning.,negative,negative
B08WSTTCMG,electric toothbrush,1,Waterpik SF-04 Sonic-Fusion 2.0 not working,"Hi sir, I received my order today, but after had charged 6 hours, it was not working. I pressed both Brush and floss button and not response at all. what should I do?",negative,negative
B0FHSC6SPM,coffee maker,1,The machine that does not work in australia,I have been unable to use the item as the power plug does not meet Australian standards in fact when Itried to use the appliance it blew the electrical fuse making it in workable. As I purchased this in good faith not knowing I could not use it I would like to request a refund of the purchase price please,negative,negative
B00X7X2KIC,notebook journal,1,falsely advertised,not the same as the picture,negative,negative
B0G11F8FHR,USB-C hub,1,Quality & design issues surfaced during usage,"August 2023 update: On the 3rd week, my 2nd unit started to blink two hard drive connections on and off with only 3 ports switched on. Therefore rating is reduced to 1 star from 2. Initially, my 2nd unit successfully wrote 350 Gb drive to drive across this hub without any buffering errors (buffering errors are what usually goes wrong in such tests). Speed was about 40 - 70 mb per second for nominally-sized files. However was unable to complete a chkdsk on a mounted drive without terminating in a unidentifiable error (again usually what happens with bad hubs). My first unit which was returned had a bad port #3 (counting from the end plugs) and was causing disk errors evident in the Windows event viewer, which actually were errors when chkdsk was used (you cannot always trust the event viewer drive errors as Windows presumes any drive is where you left it from your last Windows session, so if you move it, or it is new to the location on its USD bus, the event viewer will scream bloody murder until it learns the new location, where it will then proclaim the drive is healthy). There appears to be a design deficiency in the hub: on both units I tested, there was too much noise on the final port #10 to plug in a cam. The cam image was very noisy and unusable. Plugging in the cam at the first port works around this design problem. Apparently, there is inadequate noise containment within the hub body, and this can cause slower transfer rates for hard drives and bad images for cams. Given the wide variety of hubs and potential for hub problems, and quality variance of Asian-pacific manufacturers, I am going to keep this one. Be sure to check each port when you receive yours.",negative,negative
B0H7BR91VM,gaming chair,1,DO NOT BUY - ITS NOT AS IT IS ADVERTISED.,"We purchased this chair because it is advertised to be a gaming chair for an adult up to 400 pounds. Weighing in at 235, we figured it would be comfortable to use. IT IS HORRIBLE! Very uncomfortable. Looks pretty but it is made for a teenager, not an adult. DO NOT BUY IT! THE RETURN POLICY IS A JOKE! They want you to return it in its original packaging with no tags removed or it be used - or they can charge you up to 100% of the cost. I guess you have to decide before assembly if it will fit or be comfortable. I should have ordered a workable crystal ball. You have to buy a big box to ship it back in and you have to pay shipping. Do you know what it costs to ship something this size? We would wind up owing money instead of getting a refund. DO NOT BUY THIS FOR AN ADULT. IT IS HORRIBLE. --- There, now I am happy. I may not get my money back, but I hope this will save others from buying this falsely advertised item.",negative,negative
B0FPRHR6XZ,water bottle,1,It leaks!,Wanted something heavy duty but this leaks everytime I use it.,negative,negative
B0BKSKCYX7,sunglasses,2,Fine for the price,"These are fine for the price, but they’re definitely not polarized as advertised. I’ve had polarized glasses/lens filters before and when you tilt your head the reflections change. These don’t do that.",negative,negative
B0DWBJ6CM1,coffee maker,1,Not for use in the UK,"I should have read the reviews before I bought the Keurig coffee maker. The plug is for the USA and not UK. I am just hoping that I do not have to pay to return the product. I returned the item 9 days ago and no sign of my refund. I will be insisting on a refund to return the item as it cost me £35 to return with Parcel Force, that was the cheapest option.",negative,negative
B0FMSTSYL7,coffee maker,1,Voltage,This item is 120volt only. Not shown on Amazon site.,negative,negative
B09JYJ6JKH,wireless earbuds,2,UPDATED: Newer Version Not as Good,"UPDATE 7/2/24: Okay. I'm down to 2 stars. The newest pair of the 10 or so I've tried, lasted from February to July before the left side started to go in and out intermittently. Also, the charging port sucks, the cord will not stay in so you think it is charging and it often just comes loose and isn't. It loses connection for random reasons I don't understand, also it seems the buttons are now super sensitive as my music always gets paused randomly - from my cheek or my neck moving? I think it is time for me to move on from my favorite headphones and I will not be buying another pair. UPDATE 01/17/24: Look, I tried other headphones. I don't want to spend a lot but even if I do, I'm usually not happy. I tried different Bluetooth ones and they fall off my head easily or irritate me. I had a popular brand of one type and was walking through the park one day, and BAM suddenly they were gone! I never even felt them leave my body and I looked everywhere for them. They were decent. At that point, I came crawling back to these headphones. I missed them. I bought them again, and as soon as that high-quality, loud, bass-filled sound hit my ears I was nearly in tears. The long charge. They sit on my neck, noticeably yes, but I know I won't lose them easily either. Stars up again. I just can't quit them. UPDATE 6/10/23: I bought a new set recently, and the newer model seems way worse than the previous one. It constantly disconnects from Bluetooth on its own, has a shorter range than before (two rooms away from music source and loses quality when I could go much further before), and when after charging, sometimes the on and off button doesn't seem to work. I have to plug it in again to get it to work. It also seems to me that the battery doesn't last as long. ************ Original Review for Previous Versions: ******************** I love these headphones so much that I've bought probably 8+ of them over the last 5+ years. But that is just it - they only seem to last about a year or so. To be fair, I wear these headphones almost all day on most days. The magnetic feature of the earbuds typically goes first, and then one side of the headphones always stops working typically. I'm gentle with them. I love how light they are, like a part of my body, and in my opinion, the sound quality is great. The fit is great. I just wish I didn't have to buy new ones every year. Last time I even bought 2 at once to alternate them, hoping they would last a bit longer, but it didn't make much difference. Also, it is hard to know when they're turned off or on (used to love it when it was a switch type button rather than a hold-down type) so often battery will die even quicker.",negative,negative
B0CJHZ92P6,webcam HD,1,"Don‘t buy, bad quality and fr away from what promised","They promise a lot with this webcam and the quality was just bad. And as I had to use it to figure that out, I just got 50% refund from them as it was used + I had to pay the return shipment. Don‘t waste your money and time with this product and the seller!",negative,negative
B0F2G217VL,sneakers,1,Less than paper thin,"These are SUPER THIN!!! Like paper thin. Yes, they are supposed to be breathable, light weight, but not this thin. When tightening the laces the holes where the laces are almost ripped. Would not recommend unless you needed a pair of cheap shoes to do a mud run, and didn't care if the shoes survived or not.",negative,negative
B0D5CHZYP6,t-shirt,1,Heheh,Chinese sizes. Item not as described,negative,negative
B09J4V4XFM,yamaha acoustic guitar,1,Bad Quality,"I bought this guitar a little over a month ago. At first, I noticed a few blemishes along with the tuning peg being rusty and paid no mind. The very first time I tuned, I noticed it making pop sound for a few tuning keys and was anxious the guitar was gonna break but didn’t think much about it. I only played it a few times and picked it back up a week ago… As I tuned it again, the crack and pop sound continue to be made by the guitar, it seems to always make these sound when I tuned and the pin bridge got stuck. I could not get it back out and it broke. I’m afraid the guitar is not well built and although I considered getting parts of it refurbished at a store, I believe it would cost over than the guitar’s worth to get it all fixed. Everytime I tuned this guitar, I always get that anxiety that the crack sound is going to snap the guitar. I’m hoping to get even the slightest help over this. Please reach out, I am truly bummed about this.",negative,negative
B0H39G9P1K,DSLR camera,2,Zbyt prosty,"The backpack is very simple, too simple, no pockets for accessories, very thin and flimsy. It looks cheap and unreliable. The only advantage is that it is actually very light.",negative,negative
B0F3HVY1JY,t-shirt,1,Pésima calidad,"Tomorrow quality, super hard fabric, size does not match, they come very small, when you want to return they charge you more than the product. There is no support from the supplier or Amazon",negative,negative
B0CBLY5GWQ,water bottle,1,Worst,Easily breakable,negative,negative
B07PBS21V8,wireless earbuds,1,Would not recommend,"Bought these for Teams Meeting calls so I dont have to keep switching headphones or annoying my co-workers or family. You get what you pay for and then still feel kinda ripped off. OVERALL: If you dont care about sound quality, buzzing in ear, ear feel and possibly falling off and dont need the mic, these are fine for 22$ I guess. Anything more than that and I would recommend going to the 40-60$ range or just go the full 100-150$ near the raycon area. (Will update with battery life when I test that out). SOUND QUALITY - TERRIBLE - Even before any audio comes in there is a high pitched buzzing. Eventually it stops, maybe, or I tune it out. If youre audio is loud enough, it will drown out the buzzing. On Teams Meetings, the audio was absolutely terrible. While I can understand what my co-workers are saying, it was the worst sound quality I have heard in my life. EAR FEEL QUALITY - BAD - These do not feel good on/in the ear. Hard rubber, weird feel to the hand, and my not fit too well over the ear unless you have HUGE ears. Would not use for extended periods or active movement. There are replacement earbud rubbers but they still have the same weird feel and hard center. MICROPHONE QUALITY - BAD - They say the closer you are to the device the better the quality.... No, I was maybe 2 inches away from my computer in a quiet room and they barely picked up. I will just use the microphone on the laptop instead. OTHER: micro USB cord - Short also microUSB Carrying case - Meh 10% Off Coupon if you register. 1 year free warranty. LED Indicator not really indicating - Blinks red and blue when pairing, red when charging, is supposed to stay blue when fully charged but just turns off so I'm unsure if its fully charged or just decided to not?",negative,negative
B0H41M8Z7G,desk lamp LED,2,"Too short, clunky to handle, and shines right in your eyes.","Decent light-wise, but it's pretty clobhoppy, awkward to handle, and difficult to place where you actually need it. Worse, it's far too short to illuminate your desk without shining directly into your eyes. If you raise or tilt it up to cut down on the blinding glare, it completely misses lighting up your workspace. It really needs a taller, more flexible pole design to be functional as both a desk lamp and a video light.",negative,negative
B0F4MZBZRH,wireless earbuds,2,Bad sound quality,"Sounds tinny, no base, wouldn’t recommend",negative,negative
B0BVCXZL45,candle,2,Objective to all but I don’t enjoy the scent,Small and expensive but not a smell I enjoy.,negative,negative
B084TM4XKG,electric toothbrush,1,not fit for purpose outside of US - incorrect plug,This is a US product and has a US plug - you are expected to provide a plug adapter - should not be allowed to sell in Singapore,negative,negative
B0FLDWKJDM,phone case,2,Naw. I’ll pass,Looked cheap. I returned it,negative,negative
B0CP8QM3R1,electric toothbrush,1,Garantie,Please note this product is not guaranteed!,negative,negative
B0H45CW221,kitchen knife set,1,1 star set,"I bought this as a housewarming gift and it turned out to be a huge mistake. The outer box arrived dented and beat‑up right out of delivery. The knives felt sharp at first, but they dulled super fast after minimal use. Cutting soft tomatoes is already a struggle. Some blades have tiny rough burrs along the edge. There is no proper block for storage either. Embarrassing to give this as a gift. Complete garbage for the price. Stay far away.",negative,negative
B0BP69FS5K,electric toothbrush,1,Good when new but only lasted 8 months,"Toothbrush was good initially, but about 8 months, it now cannot charge at all! Totally rubbish.",negative,negative
B09F5XQDYJ,notebook journal,1,No guarantee of getting the product,No pen. No box. Do not waste your time getting this.,negative,negative
B0B5YPZS45,electric toothbrush,1,Battery is not working within a few months,Battery is not working within a few months,negative,negative
B0CWS28VK1,notebook journal,2,THESE AREN'T REGULAR MEAD 5STAR NOTEBOOKS!,"THESE AREN'T NORMAL MEAD 5STAR NOTEBOOKS, the sort you've been buying forever. These notebooks have strange extra markings on every page, both sides, and access to some sort of app. If you're expecting just normal plain lined punched pages, this ain't it! Look at photos before you buy!",negative,negative
B09TQLWNL1,sunglasses,1,"Yeah, this ain't it. Real review right here.","I wear Maui Jim's, Smiths, and Suncloud (also by Smith). I am used to high quality lenses, but I've always thought that ""high quality"" lenses were fairly common and easy to make, and I was just aa brand snob. These look exactly like Maui Jim's. I want a new style so... Ordered them. The fit: great. The wright: great. They feel durable. They feel comfortable. The style is great. The lenses: useless and I would honestly say no chance I'd wear these sunglasses. Literally zero chance. Why? 1. Put these on and look at a regular light bulb. Any light bulb at home. You'll see three images of that light bulb, one to the left which is faint, one to the right which is faint, and the bulb itself in the middle. Not joking. It's as if there is a ""glare"". This is because the lenses are not perfect thickness and magnification, and the lens coating are layered poorly (I am guessing here). Put on a pair of Maui Jim's (or other high end brand) and you'll see just one light bulb. I'm not making this up. Try it. This will affect everything you look at, brighter objects more. 2. Look at these glasses while wearing high end glasses. You'll see the polarization film -- especially around the bridge and arms. Now, look at the high end glasses through these. You wont see the polarization film (it's there, you just can't see it). High end lenses have much better and even polarization. The lenses on these glasses are simply too cheap, the flaws are really noticeable. I wish they were better, really do. I love this rimless style.",negative,negative
B0F6NFHB31,portable charger,1,Overheating immediately,"Update 6/16/26 after trying charge magsafe battery bank with ugreen retractable cable charging brick , I.noticed within 5 minutes there weird chemical burning odor coming from battery bank I immediately removed from charger . I can't recomend this battery bank but definitely big brother has 10,000 built in cable . Update 6/15/26 I had my iPhone 17 max 5 times on Air 45 minutes only once gave me 1% charge due overheating within 2-4 minutes on phone . I do have big brother 10,000 slightly get warm for me one best market that’s why bought 5,000 thought get same quality . This 5,000 get extremely hot can’t touch phone or battery bank . When charge it even 25,000 battery bank stop charging air fur temperature. I have I have Petl MagSafe circle battery bank has 3,000 none Qi2 10 wats charges iPhone 30% 45 minutes then dies without get extremely hot warm yes . Regards air 5,000 don’t believe this Qi2 get too hot . I have ugreen Qi2.2 which brick one reason don’t use it much and ugreen air 10,000 working amazing . My opinion if need charger that’s fast wireless and wired go for 10,000 and won’t get hot I contacted ugreen no response yet . Only positive have 5,000 magnets extremely strong all ugreen MagSafes , slim light but honestly doesn’t work Apple forces battery bank turn off almost immediately. Pro’s very thin and light, Magnets very strong . Con’s First want say I own 10,000 Igreen Magflow Air 10,000 which is amazing . The 5,000 version has overheating issue within 2 minutes use starts overheating and turns off automatically and only charged 2% in 45 minute and 10,000 charges iPhone 17max 33% 45 minutes . The main reason returning overheating within few minutes . MagSafe gets hotter my stovetop.",negative,negative
B075F394ZS,candle,1,Doesn’t leave a scent,"For the price, I thought it would leave a noticeable scent in the room. It doesn’t have any scent at all… even after burning for hours. Honestly, I don’t think it was worth the investment.",negative,negative
B0GJ5HHTJT,monitor 27 inch,1,Broke within 45 days - Weird lines appear all across the monitor,A weird vertical and horizontal line appeared after about 45 days of usage.It's stuck on the monitor and can't be removed. I contacted the manufacturer months ago and haven't heard back. Now I'm stuck with a broken monitor. Save your money and avoid this monitor and company.,negative,negative
B08VJ25PL1,webcam HD,1,Not good with macs,"Not really that good. Connected it to a Mac laprop. picture is average, mic is laggy and cuts and often has delays on video calls. And no it's not my internet, which is quite good and I don't have any issues when using my laptop mic. It has gotten to the point where I can't use it to have a proper conversation",negative,negative
B0GS5QKBP2,gaming chair,1,DO NOT PURCHASE,Arrived broken! Horrible quality,negative,negative
B0BY27XSJ3,USB-C hub,1,Be aware of bad units being sold right now.,"DO NOT BUY THIS!! These USED to be a 5 star product from me, I've lost count how many I have purchased and included built into my products I manufacture. All of 2025 NO ISSUES at all, battle tested in the photo event industry buy some very large companies I have as clients. Come 2026 and the last two batch orders I have purchased I have had to replace 10 of them within a 2 month window, all for different customers because they stopped working in a short amount of time. Something happened in the Belkin manufacturing of these hubs in the past 3 months and I have lost my confidence in the stock that is available right now, I have moved to another HUB manufacturer for my products. I even tried calling Belkin quietly to make them aware of this issue and could not get anyone who cared that they had bad units being sold. So now it's to be very public about this issue and to let people know to be aware there ARE bad units in circulation of these hubs. ALWAYS have a backup on hand just in case! Sorry Belkin, you need to have a better process to receive feedback from other manufacturers that use your products in theirs. I hope I can regain confidence again someday.",negative,negative
B0FPRHR6XZ,water bottle,1,Wouldn’t Recommend,"We got this for usage in the car as it fits perfectly in the cup holder compartment. However the rubber that should prevent the water from leaking, gets shifted everytime it’s opened to be refilled. You can’t tell till it leaks. I’m just thankful we’ve always had only water in them for sweet drinks leaking anywhere is a disaster to clean up.",negative,negative
B0DLN1G7G6,candle,1,Mais elle sent bonne,The candle container was all broken. I kept it the same but it's just flat,negative,negative
B0DP42G526,phone stand,2,Good,Okey type,negative,neutral
B08GL4CW3B,yamaha acoustic guitar,3,Damaged in Shipping,"This is a great amp. The tone, volume and effects are exactly what I was looking for in a small acoustic amp. My star rating is based off the shipping damage. I have kept the amp because I needed it for a show but hopefully the shipping company will ensure proper care and packaging in the future. Note: The company did offer to take it back but I wouldn’t have been able to get another soon enough.",neutral,neutral
B0BBMK7RCF,desk lamp LED,3,Power selector cracks in a few weeks.,Good light except for the power switch. After a few weeks the on and off touch switch just cracks. I had it replaced but same thing happened.,neutral,neutral
B08B12P6CS,gaming chair,3,Chaise bureau,"It is not made of real leather, it is made of synthetic leather.",neutral,negative
B0DT43NNNF,mechanical keyboard,3,Keys acting as if they are being pressed down,They keyboard is good for sure the software is pretty solid i was a little confused by some of it but im sure its a snoop more learn more kind of thing. the feel is like any keyboard youd expect the sound honestly out of any keyboard ive had its amount the best sounding pretty crisp to me. however after months i had moments it would act up pretty weird. It would act as if a key was being pressed in this case any of the wasd so it was pretty noticeable. it would only happen once in a blue moon so it didnt bother as much but now its just gotten worse. nows its starting to happen almost a few times a week. ok it just happened yo yeah im not sure if i just so happened to get a faulty one but maybe these are a few things to take into consideration,neutral,neutral
B075F394ZS,candle,3,In search of/Honest Review WAITING FOR UPDATE TO SHOW,"I’ve been on a mission to find the perfect candle I can subscribe to and have on hand at all times. Spending from $10 to north of $100, I am hoping my favorite isn’t at the high end. I try to order several at a time without reminding myself of its cost while sampling. I do this to keep an open mind and be honest with myself while my search continues. I am definitely narrowing it down and the reviews have been so helpful to me. I understand that the scent is an individual preference (that’s why I went ahead with ordering this candle.) From what I read, the smell was not what not as described, but again, I thought there was a chance I’d like it. Ugh, such a bummer because this really stinks! The candle is beautiful to look at. Packaging, presentation and protection was 100% but oh my, the scent is awful! Again, maybe it’s just not for me and I understand that, but this is the exact opposite of anything that I would ever want. The reviews I had read before were spot on. It really does smell like your grandmother’s perfume that had sat on her dresser for years. If you’re looking for a non-floral, musky, earthy scent, you simply will not find it in this. Too bad, because every single other thing about this was fantastic",neutral,neutral
B0H12BW67D,yamaha acoustic guitar,3,Won't stay tuned,It's nice but I have to tune it every time I pick it up.,neutral,neutral
B0D28Q1NFB,t-shirt,3,Useless after washing,Before washing it seemed like a great quality. It came a little dirty so I had to wash it and then I'm unable to wear it because the neck is completely loose now but other than that the quality seems well made just try not to wash it lol,neutral,neutral
B0GQBYVN9W,coffee maker,3,Large pot burns and leaks. Single cup function is great.,"I don't love this coffee maker. The burner is way too hot so if coffee is brewed and in the pot on the burner for longer than 15-20 minutes, it's so hot it will burn me. I have to leave for work and take the lid off my coffee in the car before I can even drink it. Not ideal obviously. And when there's a cup or two left on the burner, it burns in the pot and smells and tastes like nasty gas station coffee, so it's undrinkable and wasted. Also, when you pour water in using the caraffe, it doesn't just drip, it gushes out no matter how slow/fast or what the pouring angle is. I have to pour it into the machine with a towel on the counter. The single cup brewing is the part I like. I haven't tried iced coffee yet, but the instructions basically have you brewing normal coffee into a cup or the caraffe with ice in it. I guess the burner turns off for that part. It would be a really great machine without the overheating and dripping issues and now I've spend $100 buck on it and can't justify getting a new one so here we are.",neutral,negative
B0FG7Q1X5B,coffee maker,3,Hot Mess Express,"To this machine's credit, it makes coffee. It’s fast, easy to clean, and it brews from both grounds and pods. It also doesn't take up a lot of counter space. But if you’re hoping for a mess-free morning or actual iced coffee without a chemistry experiment, it might not be for you. If you’re looking for a coffee maker that brews with the intensity of a thousand suns, this one might be your new spazzy companion. The main difference between the regular and iced settings is the volume of coffee dispensed into your mug. I tested each one, and both came out hot enough to steam my glasses. Iced coffee? More like “melted hopes and dreams."" If you prefer hot coffee, it works well, but you'll need a couple ice cubes or plenty of time to allow it to cool to drinking temperature. The Bold setting promises flavor, but what it really delivers is splash zone drama. Every brew cycle left my counter looking like a caffeine crime scene. I tried adjusting cup placement, brew size, and even my expectations, none of which stopped the splatter. Overall, for the price, this appliance is a pretty good deal, but if you drink iced coffee, it's no better than a regular coffee maker. Tips: - Use a tall travel mug to contain the splash. - Let the “iced” coffee cool before pouring over ice. - Keep a towel nearby to protect your counters.",neutral,neutral
B089P1LLFS,yamaha acoustic guitar,3,Mediocre Beginner Guitar - Fit for Learning the Basics of Guitar Playing,"This guitar is good for deciding if you want to commit to learning guitar. The strings and everything work just fine, so one can learn fingerstyle playing and chords, however, the strings are rather buzzy, and in addition with a high action guitar such as this, it is harder on the fingers to play. I used this guitar frequently for about 7 months before deciding that I would like to upgrade to an actual name brand guitar (like Fender, Ibanez, or Rogue). When I would put a regular capo on any fret of the guitar, the low E bass note would become flat, however, with no capo, the string would perform just fine. I went to a guitar center to ask about it, and they hadn't even heard of this brand of guitar. Final Verdict: Yes, the guitar is good value of money if you are looking to see if a guitar would be the right pursuit for you. Looks-wise, the guitar looks nice with a mix of basic and elegant. However, I'd only recommend buying this guitar if you are looking to see if guitar is the right fit for you. If you are looking to buy a guitar that will last you a while, you are better off looking elsewhere as this guitar is better for a trial run rather than a long-term commitment.",neutral,neutral
B0GDF4PL97,coffee maker,3,Espresso,"It was defective, it would shut OFF after use. But it made a great espresso, not so good on FOAM though. :(",neutral,neutral
B0BR5JHB3Z,desk lamp LED,3,Good Lamp but Not Wireless,I could be wrong; maybe I didn’t read the product description as well as I thought or maybe I’m just dumb….but I was very disappointed to see that this is NOT a wireless lamp. I swear I looked at all the pictures for it and I read the description twice and no where did I see that it said that it’s not wireless. Which is not totally fair because that’s what my Amazon search was for: a wireless lamp. I wondered once I received the lamp is the wire was just to charge it up and then you could use it wirelessly but that isn’t the case. It’s still a nice light lamp and I appreciate how bright it can be. It’s also nice to be able to change the brightness. I’m just really disappointed by the fact that it needs to be plugged in 24/7 to work,neutral,neutral
B0FH25Z9W3,gaming chair,3,Not as advertised,"I selected the model that is supposed to work with the type of chair that has arm rests attached to the back of the seat. One would think this meant the back cover would somehow fit without having to dismantle the arms. Well that wasn't the case. The cover for the bottom where you sit came with clips, but we still had to remove the arms, pull the chair cover down, and reinstall the arms poking the screws through the fabric. And it won't zipper at the bottom of the back unless we remove the main support bar. It works ok, but definitely not as described.",neutral,negative
B0CGT6ZRGJ,sneakers,3,Vallen veel te groot,"Beautiful sneakers, but unfortunately they are way too big. I have a size 37 and these felt like a size 38. Too big and also too wide. First time that I have such a deviation in size and width with Skechers. Very unfortunate.",neutral,neutral
B0CGCMS31N,phone case,3,Brak magnesu,"Solidny ale jeden bodgy minus, brak magnesu.",neutral,neutral
B0F9L7N1FY,sunglasses,3,smaller lens than expected,quality is what you would expect but they are smaller than all the other brands.,neutral,neutral
B0DS279YBH,t-shirt,3,Ridiculously Long!!,"The shirts are way too long. They look ridiculous so another waste of money and Thrift Shop donation. What a shame because I like the material and colors, the shirts washed well and fit okay other than the length. I should have read the reviews. Others wrote about the same issue.",neutral,negative
B0G7RDYJFY,desk lamp LED,3,It is ok for the price,"It is okay for the price but has some issues for example the clamp bolt is too long but clamp itself does not has enough depth so if you do not have enough gap in the area where you would like to install it then there will be struggle. Another issue is the lamp looses its settings if power cycles through, you will have to set color temperature and brightness level every single time power cycles",neutral,neutral
B0D9R4GYTN,wireless earbuds,3,"Great Audio, Great Fit, One Big Problem","I purchased these a little under a year ago, and up until about a month ago, I absolutely loved them. Honestly, I would have easily given these 4-5 stars if it weren’t for the charging case issue. Unfortunately, the case has taken a pretty sharp nosedive lately. I now have to charge it almost daily just to use one earbud at a time... which kind of defeats the whole “wireless earbuds” concept. For the price, I expected a bit more longevity. I usually buy cheaper earbuds because I have a talent for leaving them in pockets or sacrificing a single earbud to the outdoors forever, but I decided to splurge for better sound and call quality - and to be fair, these definitely delivered on that front. I also have smaller ears, and these have been some of the most comfortable earbuds I’ve used. They’re lightweight, not made of super hard plastic, and don’t feel enormous or awkward after wearing them for a while. So overall: excellent sound, calls, and comfort... but the charging case aging this badly in under a year is really disappointing.",neutral,neutral
B08F2NB5PH,t-shirt,3,runs a bit small,"These appear to be well made, my only issue is that they run a bit small. Ordered medium and a bit tight out of the package and they are going to shrink. Might buy again but order a large.",neutral,neutral
B07L4JCG7T,notebook journal,3,"Different colour, unexpected style differences",Not like picture,neutral,negative
B0DLN1G7G6,candle,3,Was sent a used product but was replaced,"Editing review after receiving replacement: Replacement produce was new condition in original packaging. I am only giving 3 stars because this candle is very lightly scented. Other Teakwood and Mahogany scented candles I’ve purchased from other places have been much more strongly scented and would fill my open living/dining/hallway with a rich scent. This candle provides a mild scent to my bathroom. It’s not adequate for a large space, but is okay for a small room. Amazon would not allow the original review to be posted. I received a used, over half burned candle, with damage to the lid. I’ve initiated a replacement and will update review once it’s been received.",neutral,neutral
B0DP74YCXR,candle,3,No smell,The box set is really nice. They are really nice looking . But I was looking and ordered these for the smell. They have no smell . I was disappointed and was hoping that they will smell good.,neutral,neutral
B0DSPJPRXD,webcam HD,3,Not awful for the price,"The webcam is okay, it is easy to install. it’s literally just plug and play. My only real complaint is that when I’m using it (primarily for work meetings) it shows me appearing very dark. Almost like i’m in a pitch black room and the only light is from my computer monitors. i tried adjusting settings on my computer but it doesn’t make a difference. Other wise, it’s great for the price!",neutral,neutral
B0B7CX57F4,notebook journal,3,Ok but could be more,"Going from 1st date to end but not that much in Between. Would be nice if you could add all ""family"" members",neutral,neutral
B0D9VPSQM7,gaming chair,3,Replacement Chair Base Recommended,"I would love to give this product 5 stars, as the chair itself is WONDERFUL. Very comfortable, great for back support, and the ability to make micro-adjustments for lumbar support are game changing. After just over 1 year of daily usage for work, the material is still in great shape, very breathable, and comfortable. Unfortunately, the portion of the chair legs where the wheels attach have broken twice within the past 5 months. I reached out to the seller initially, and they graciously provided a replacement leg the first time free of charge, but now the leg has broken a second time in the 2 months since the initial replacement (I did not reach out for a second leg replacement). For context, the chair is rated up to 400 lbs and I am ~250 lbs, so my weight being that far below the limit could be a contributing factor? Either way, I do not think that metal chair legs should not be breaking at the welding point when the user is well under the max weight limit. I have opted to purchase a replacement chair base from another seller as well as a floor mat in hopes that this will remedy the issue. The chair itself is 11/10. The base is 3/10 with regular usage, at least in my experience.",neutral,neutral
B011WTWIPW,coffee maker,3,Aero Press vs Espro P7,"Aero Press vs Espro P7. So I bought both products but at different times. Aero Press I have been using for about 3 years or so. It’s great. Very easy to use, you buy these paper filters that fit easily at the bottom. Then put the container over a cup and push the plunger down. Can’t get much easier and as important the coffee is good to very good. Also, I would give the ease of cleaning up a Solid 10 !!! Why because you just unscrew the bottom piece counter clock wise and then put the coffee plunger over your garbage can and push the plunger all the way down. The coffee grounds and paper filter just drop out. Rinse the plunger and container and you are ready for another smooth cup of Joe. So Espro P7 is better at the amount of coffee pressed since it is 18 oz. The coffee is also good to very good. It’s easy to make also. But the clean up….. wow this is a sloppy cleanup. The plunger comes out but what is left behind is a wet, wet mess. No way does it come out easily in the garbage can. You have to either use multiple paper towels or rinse the container under the kitchen sink without getting the left over coffee grinds down the drain. No way Ray is that going to work. Bottom line buy the extra large Aero Press and enjoy a good to better cup of coffee with awesome clean up no fuss, no mess, no clogged drains. Just my opinion.",neutral,neutral
B09F5JHKTL,sunglasses,3,Not so good (Arms became very loose in less than 2 weeks),Very nice But the arms became very loose in less than 2 weeks.,neutral,neutral
B0F3VWFB3K,sneakers,3,Poor quality,"The picture looks like these are great shoes, but In reality the quality Is poor & the sizing Is about a size too big. The soles are very firm & not comfortable. I wouldn't buy them again & I understand why they were on the cheaper side",neutral,negative
B07JCJMPVM,t-shirt,3,They Shrink,"When I received the shirts they fit perfectly. After washing them for the first time in warm water with the dryer set on low, there shrunk just a bit. I was able to stretch them out a bit and they are tolerable. I just ordered 6 Haines V neck Tee's to see if they are any better. I will report back after I have washed them.",neutral,neutral
B0CWRCCFTM,kitchen knife set,3,Calidad basica,"Poor quality, very plastic.",neutral,negative
B09861YKDM,sunglasses,3,Looks great but feels cheap,"The fit for these are really good considering i have a bigger head than most people. My biggest and only complaint is that the lens feel very cheap. Like they're going to break when you try and clean them so be gentle with them. Also, for some reason when I wear these, I can't see certain screens. For example, when I try and use my camera while wearing these glasses i can't see the LED screen.",neutral,neutral
B093QHHV2C,sneakers,3,Opvallende N,"Unfortunately, the letter N on the shoe is gray with a shine on it when the light falls on it, this was disturbing for me and was reason for return, otherwise a beautiful color sneaker, unfortunately for the letter N",neutral,neutral
B093TSRPQM,electric toothbrush,3,So disappointing!,"I bought these after hearing multiple social media influencers rave about them for months. Finally caved! I subscribed to these strips because it was cheaper. But I was a little lazy lol and didn’t even start trying them out until after I already had FOUR BOXES of them…ok so I was super lazy. I just don’t love the experience of using white strips so I put it off. But after I had 4 boxes I figured I better start using them. I was so certain they’d be great because these influencers rave so much! But there’s so much they don’t tell you. I have only used these, and different types of the Crest white strips in the past, so I only have the Crest to compare them to. First, sensitivity: this is the one area that I would say is purely a pro. These don’t make my teeth cold sensitive at all after use. If your teeth have a really hard time maaaaybe it would be worth all the cons to use these. Whitening: my teeth are getting whiter, 3 boxes in. It’s taking much much longer than the crest white strips took. I always brush my teeth before applying the strips and wear them for 30 min as directed - I use a timer. So I’m using them correctly but the whitening effect is sooooo slow. Not impressed at all. My teeth would get to a nice white after less than 1 box of crest strips. I’ve used 3 boxes of these already and still my teeth are not as white as they should be (and they weren’t horribly stained to begin with). Application: it’s weird I even have to mention this! With the crest strips you just put them on. With these, you dab your teeth super dry, carefully position them, try to put them on, but they flop and slide around, so you have to try to glue them down with pressure but be careful or they’ll slide…it’s annoying. They’re needlessly difficult to get to stick to your teeth. Plus - often during the whitening process the corners will come loose and be annoying sticking out and poking your tongue. The WORST PART: when you take them off. I was expecting a little residue because the strips I’ve used in the past left a little residue. With these basically all the gel stays behind stuck stubbornly on your teeth. Don’t spit in the sink - you will spit out chunks of gel and it feels so disgusting it’s nauseating. The gel thickly coats every tooth and if you have any crooked teeth it will be worse. What I do is use my wet toothbrush (which I don’t like doing since you’re not supposed to get your mouth wet after these strips but nothing else works) to scrub the gel off my teeth. I have to rinse my toothbrush several times because it gets totally gunked up with gel. Then I spit the remaining bits of gel out. It is extremely unpleasant. The first few strips I used, I thought something was wrong with my box but lucky for me I had other boxes, and none of them were old. but just in case, I tried the newest box. No, they’re all like this. All of the strips leave such a thick layer of goo on your teeth I can’t even imagine why the influencers rave over this product. To me, this is something you should use as a last resort lol if you can’t use anything else, ok try this. If you can handle sensitivity or have money for other means of whitening, avoid these!!!! They are so disgusting. I can’t believe people recommend them without even mentioning the mess of goo at the end and the slowwww whitening! These are so not worth the price. I still have some strips to use up, they were too expensive to throw away, but man do I regret buying them. Yuck!",neutral,negative
B0BHX8JVNH,yamaha acoustic guitar,3,Guitar review,It’s a decent guitar for the money. Needs some additional set up.,neutral,neutral
B0CDPLYPXB,desk lamp LED,3,Sturdy,Very good flexibility and range of angles. Thought it would be good for crafting and painting minis but even on max light is not bright enough. Good build quality and length of cable for power.,neutral,neutral
B07FBC8P59,notebook journal,3,Paper is thin,"Not very nice paper quality. When writing with gel pen, I can see some sports on the reverse.",neutral,neutral
B09BQSYYHC,kitchen knife set,3,Blade came out the handle.,"Sharp, nice, good blades, cuts fast. But 1 knife the blade came out the handle. Whatever supposed to connect to in handle isn't there.",neutral,neutral
B077ZNKJ3Z,sneakers,3,Half size makes big difference.,"Haven't had a pair of high tops in a while, I've worn size 8 most of my life but they are always very snug got 8.5 very loose fitting I'll get another pair of 8's next week keep these for when my foot/feet swell up or I gain weight again. I used to get 8 wide but the sizes said Xwide... worried me a bit I'm not a hobbit... lol Ah well, wish they were made in USA, quality is better when made here in USA.",neutral,neutral
B0BHX8JVNH,yamaha acoustic guitar,3,Great guitar but electronics defective,"This guitar came apparently undamaged (shipping box showed no signs). out of the box, aside from tuning the instrument, it looked excellent and played great. But, when I plugged it into my amplifier, there was no sound. I twiddled the knobs and replaced the battery but it did not come to life. I purchased this guitar for playing on stage with amplification so, unfortunately, I must return it for a refund and another purchase . . .",neutral,negative
B0F72ZCGWB,monitor 27 inch,3,Not reliable does out are os year 😔 sadly,Burnt out on me just after the one year disappointing,neutral,negative
B0CR6BWHQN,coffee maker,3,Really read the reviews and seriously consider before buying.,"Definitely not worth $50+. Maybe $25-30?? I'm sure we've all seen the reviews of people who say they received a used item. I didn't and that's not what this review is about. But, if you buy this, buy the paper filters and use those instead of the reusable one until you decide that you're going to keep it. I would return this but the reusable basket is stained and I feel bad returning it used because they would probably just send it to someone else. Some say who cares, but overall the machine is not THAT bad. It has annoying features that are written about in MANY reviews: It's hard to fill up, it leaks out the bottom if you so much as put one, JUST ONE, more drop than the max level, and it super slow on the strongest setting. It's also hard to fill. So I use a 24 oz water bottle. The medium setting isn't too slow. It gives me time to take the dogs out and feed them. So I've learned to use 7 scoops to get the strength I want. But I really wish I had listened to the reviews and bought something else. However, if you're willing to take the chance because you like the way it looks, use the paper filters just in case you decide to return it. It's perfect for me as I'm the only one that drinks coffee in my house. It makes 2 nice 12oz cups. If you don't care returning it used, then it doesn't matter what filter you use. I just don't feel right returning it used and stained...",neutral,neutral
B099MV5XMX,desk lamp LED,3,Connectivity Issues but otherwise good product,"At first I really liked this lamp and it was nice to control the brightness and other things from the app. But after a few months, I notice that sometimes there’s an annoying delay while it reconnects to Bluetooth. It normally doesn’t have issues but the main thing is I try to turn the brightness to 100% but after about 10 seconds it goes back down to 20%. It also has a music setting on the app but it doesn’t work at all? I’d just rather have a touch control lamp so there’s no issues with connecting and not doing what I wanted. Sometimes it struggles to turn on or off from the app but touching it always works. I really wanted to like it.",neutral,neutral
B0CNZS9RRB,desk lamp LED,3,"Batteries not included, poor service, so far","No instructions included. One sheet of ""instructions"" that only has a diagram of the light. It also does not come with any batteries (rechargeable required). The light itself is fine and does the job. No way to tell how to use it. No mention of on/off switch, can't turn it on without the power cord. There is a switch on the back that doesn't appear to do anything, the batteries that are required to turn on the light without the power cord do not charge. I emailed the seller and still waiting on a response. They say they are there 24 hours a day and to write with any questions.",neutral,neutral
B0GRWVNYPN,smartwatch,3,Not recommended,Material is hard.,neutral,negative
B0GRVFY42Q,budget laptop,3,"48 A very good model, and fast for simple tasks.","It arrived on time, well-packaged, and easy to set up. After two days of use, it has worked perfectly—fast and without any operational issues. After a week, I have found that WhatsApp is so heavy to be loaded each time I start up the laptop.",neutral,neutral
B0CNCY18SW,sneakers,3,"Great Fit, Order your size","The shoes are good quality. I read reviews before ordering and ordered my size. I wear 10.5, ordered 10.5 and fit great with enough room to feel comfortable with socks. Don’t feel heavy and honestly better than I thought they would be and ordering more. The reason I did not give 5 stars was because of delivery. One shoes was almost out of the bag, it wasn’t sealed and was open for dust and dirt to get in the bag and dirty up the shoes.",neutral,positive
B0BBMK7RCF,desk lamp LED,3,just ok …It should be brighter to be able to be of good use.,The illumination is below par. Light Very feeble even when it’s put to the last level. Rest looks ok.,neutral,negative
B0H3KB5CDG,t-shirt,3,Sleeves and body are a little short,"Football season will be starting soon, so I'm looking for a long-sleeve t-shirt that I can layer under a football jersey. This t-shirt is somewhat lightweight, but comfortable. It will be good for early autumn. The stitching is good and the collar is comfortable and non-binding. What I don't like about it are 3 things: - The sleeves are a little short for a size XXL - The body is a little short for a size XXL - The laundering instructions say to wash this shirt in warm water, but not to tumble dry. I'll be tumble-drying it on low anyway. At this price point, it's not worth the hassle of trying to remember to line dry it. If it shrinks, I'll just give it to my son, who also wears size XXL, but he's shorter so it might fit him better. Made in China.",neutral,neutral
B0F28L2J8G,sunglasses,3,The pretty pictures and low price are better than the actual sunglasses.,"The idea of having nice looking, good quality sunglasses is appealing. That's why we're both here. Unfortunately, I felt duped when I opened the package. The sunglasses feel like they're made of the same plastic that comes out of the gumball machines that are at the exit doors of the grocery store. Rather than fight with Amazon about a refund, I gave them to my kids. Amazon has a lot of bad sunglasses for sale. My advice: buy something else.",neutral,negative
B0CF4L9LPR,gaming mouse,3,Tape is difficult to apply,"Mouse is good however, the tape doesnt wanna stick i was able to pull one of with some issue. Its extremely hard to remove the grip tape as the fuzzy layer of paper on the back of the tape is super hard to remove. If someone can help me with that please do.",neutral,neutral
B072HPWW1X,water bottle,3,"Good water bottle, too large for cupholders","This set came with two bottles. Unfortunately, one of them arrived looking like it had already been used. Customer service was great—they promptly sent a replacement and issued a refund for the inconvenience. The only other downside is that these bottles don’t fit in my vehicle’s cup holders, which was disappointing. Other than that, they work well, are easy to use, and do exactly what they’re are designed to do.",neutral,neutral
B0G5BS3RLS,sneakers,3,Not true to size.,"This particular model is long and not true to size. I wear a 7 1/2 in all shoes and the fit of this Reebok was about 3/4 of an inch too long. If I size down, they would be too narrow for my foot. They they are well-made with adequate arch support, however. If not for the unusual length, I would keep them.",neutral,neutral
B0D2HJDH94,wireless earbuds,3,"Easy to pair and great for calls, but bass is very limited","I picked these up at a really good price and overall there are several things I genuinely like about them. Pairing was quick and easy right out of the case, and the Bluetooth connection has stayed stable without random disconnects so far. The charging case also looks modern and the battery display is a nice feature that makes it easy to check charge levels at a glance. For phone calls, these actually performed better than expected. Voices came through clearly and the microphone quality was solid enough for everyday conversations and work calls. They’re also lightweight and comfortable for longer listening sessions. The biggest downside for me is the sound profile, specifically the bass. I tested multiple songs that normally have deep, rich bass, and it was almost nonexistent. There’s a small amount here and there, but if you enjoy strong low-end sound or listen to bass-heavy music, these may end up feeling a little flat. The highs and mids are decent for casual listening, but the audio overall lacks the fuller sound you get from higher-quality earbuds. At the discounted price, I still think they offer fair value for basic use, especially for calls and podcasts, but music lovers looking for strong bass may want to look elsewhere.",neutral,neutral
B0DT6Z3R4F,USB-C hub,3,Almost perfect....,"Great looking USB Hub with plenty of data and charging ports. I deducted 2-Stars because: 1. The listing does not mention that it only comes with a U.S-Style power plug, which means I cannot use it until I source another figure-8 lead at my expense. 2. The connections for power and USB to PC are on the side. This is an aesthetic-only issue but for such a sleek-looking device, having the cords sticking out the side is just a little issue.",neutral,neutral
B0DSC5WL37,t-shirt,3,"Cute, but not what I expected","The shirts are cute and have a nice shiny material, but they’re definitely not cotton and are much shorter than I expected. The fabric has a different feel than I was looking for, and the length makes them a little harder to style. They’re okay overall, but I would prefer a softer, longer fit.",neutral,neutral
B0C572T6G5,notebook journal,3,Fine,They’re fine I prefer some other brands so I returned them,neutral,neutral
B08VJ25PL1,webcam HD,3,won't work,didn't use it much only to skyp with my family and it stop working right.,neutral,negative
B0DBHTL3CN,coffee maker,3,Chère comment produit,Bruyant,neutral,negative
B0DCBC8KKV,air purifier,3,Se tira algum Odor,Faz muito barulho,neutral,negative
B0BZHR5KC9,sneakers,4,Great beginner cheer shoe,"Great shoes for cheer, just a little room for improvement I bought these cheer shoes for my granddaughter and overall, we’re really happy with them. They’re lightweight, flexible, and give good support during stunts and tumbling. She says they’re comfortable enough to wear through long practices and competitions without any pinching or rubbing. The all-white design also looks clean and matches well with her uniform. The only reason I didn’t give five stars is because the sizing runs a bit snug—if you’re between sizes, I’d recommend going up half a size. Also, the material could be a touch more breathable, as her feet get warm after extended wear. That said, they’re still a great value for the price and hold up well under regular use. I’d definitely recommend them for anyone looking for affordable and dependable cheer shoes",positive,positive
B08KCVRL2V,notebook journal,5,Perfect,This was the best bang for your buck and I have extras further next school year.,positive,positive
B0D6SX8VLQ,bluetooth speaker,5,Surprisingly Good Sound for Its Size,"I’m really impressed with the sound quality of this Echo Dot Max. The bass is noticeably stronger than my older Echo, and the sound fills my living room much better than I expected from a speaker of this size. Setup was quick and easy, and Alexa responds reliably. I mainly use it for music, timers, weather, and controlling a few smart home devices. The graphite finish also looks nice and blends in well with my setup. The biggest improvement for me is definitely the sound. It has enough volume and bass for a medium-sized room without sounding too harsh or distorted. Overall, a great upgrade if you’re looking for a compact Alexa speaker with better sound.",positive,positive
B0CCF6J2Q6,gaming mouse,5,Very cool mouse,Great gaming mouse for the price,positive,positive
B09LD8VXLX,electric toothbrush,5,I highly recommended,They work very well. I got one for me and one for my husband very good price compared to other stores works very well. I really enjoyed it. It’s a very good product.,positive,positive
B0DYF64BV2,smartwatch,5,Smart klocka,Works great and easy to carry,positive,positive
B09G3FZG1H,candle,5,Long lasting,Great candle last long both burning and smell,positive,positive
B0F3KWZQ61,kitchen knife set,5,Sharp and strong,Knives are sharp out the box work well perfect different types of knives for everything you need to use a knife for. Hold firm doesn’t bend. I love the non serrated steak knives also.,positive,positive
B0CHGWX7HG,backpack,5,Worth of money,"Good bag ,nice quality, worth of money i buy 83aed",positive,positive
B097GVX9W9,notebook journal,5,Perfect journals.,Excellent journals - love them!,positive,positive
B0D1DRYBTN,electric toothbrush,5,Great toothbrush,"Works great, cleans teeth, has 3 speeds, and has a timer for all sections of your mouth, great toothbrush, own 2 in different colors 😀",positive,positive
B0DKMHKDK3,kitchen knife set,5,Knives,So far so good. No problems,positive,positive
B01B3GARVG,kitchen knife set,5,"Colorful, Sharp, and a Great Budget Friendly Knife Set","I was impressed with this knife set, especially considering the affordable price. The bright color coding is not only fun but genuinely practical. It makes it quick and easy to grab the knife I need without having to look closely at each blade, which is a nice convenience during meal preparation. The knives arrived extremely sharp right out of the box and handled everyday kitchen tasks with ease. They also come with protective sheath covers, which I appreciate for safe drawer storage. The handles provided a secure grip and did not become slippery, even when wet. Being dishwasher safe is another feature that makes cleanup simple. The knives are lightweight, which some people may enjoy, but I personally prefer a knife with a little more weight. My only real criticism was the bread knife. The handle ergonomics did not feel as comfortable or natural in my hand as the other knives in the set. Overall, I found these knives to perform comparably to another similarly priced set I have used. If you are looking for an affordable, colorful, and sharp knife set for everyday cooking, I think this is an excellent value. They offer good performance, convenient storage with the included sheaths, and easy maintenance thanks to their dishwasher safe design.",positive,positive
B0DKT8BB4M,USB-C hub,5,Solved the issue it was purchased for!,"This little hub solved like 4 problems at once for me. My son’s school MacBook only has USB-C ports, and I needed a way to connect a monitor, keyboard, mouse, and charger without a giant complicated dock taking over the desk. This worked perfectly. Setup was basically plug-and-play. HDMI connected to the monitor immediately, the USB ports worked great for our keyboard/mouse setup, and I love that it still allows pass-through charging so the laptop can stay powered while everything is connected. A few things I really like: * Compact and lightweight but still feels high quality * Clean/simple setup without a million cords * Didn’t overheat * Great for turning a laptop into an actual workstation * Anker quality is usually reliable and this feels no different Honestly one of those purchases that just quietly makes life easier. Super useful if you have a newer MacBook or any laptop with limited ports.",positive,positive
B0F5HSNDXF,USB-C hub,5,"Good value, good quality, happy customer.","I got this for use with my iPhone, I wanted to be able to charge and have an SSD and an external mic, it allows me to do that fine. I have 3D printed a clip that holds it on the side ( or when filming bottom ) of my phone - it feels like a nice metal construction and I've had no issue speed wise. The design is quite slim and low profile, but it is quite long ( not longer than the Pro Max so that's no issue for me ). The cable is long enough that it connects nicely to the usb-c in the bottom of the phone without putting a kink in the cable or pressure on the ports/plugs so that's good. The charging works as expected, I haven't exhaustively connected everything you could imagine to it, but everything I have done, has worked and at the speeds I had hoped for and expected. All round, I think its a fair price of a fair product.",positive,positive
B0HBW8PTYN,wireless earbuds,5,Great,Good set of earphones. Daughter loves them,positive,positive
B0D1D8BRK2,electric toothbrush,5,I love it,Excellent choice,positive,positive
B01NBKTPTS,instant pot,5,Instant Pot Duo Plus: Multifunctional Electric Pressure Cooker for Fast and Easy Cooking,"The Instant Pot Duo Plus is one of those appliances that truly makes life easier in the kitchen. It combines several functions in one appliance: pressure cooker, slow cooker, rice cooker, steamer, yogurt maker, sauté function, sterilizer, and even sous vide cooking. This allows you to prepare a wide variety of recipes without needing multiple utensils.",positive,positive
B0GSPDRHW1,gaming chair,5,"Excellent Chair, Highly Recommended!","I’m extremely happy with this gaming chair! The quality exceeded my expectations. It was easy to assemble, and all the parts fit perfectly. The chair is very sturdy, comfortable, and provides excellent support for my back and neck. The adjustable armrests, reclining function, and footrest make it perfect for both work and gaming. The built-in speakers are a nice bonus and sound surprisingly good. The off-white color looks elegant and matches my office perfectly. After using it for several days, I can honestly say it’s one of the best chairs I’ve purchased. Great value for the price, highly recommended!",positive,positive
B071DVQLT2,t-shirt,5,CottonPoly blend is the Best,"I absolutely love this T-shirt, my favorite tees are always the cotton polyester blend or rayon...as long as it's not anything close to 100% cotton because they feel better, they look better, they fit better and biggest best thing of all ""THEY DON'T SHRINK""!!! I have literally wasted so much money on nice shirts that I love that are 100% cotton and I feel like after wearing them just a few times and washing them that they look completely different on me as they are much shorter and much tighter and I know a lot of people say in their reviews that the material is way too thin and cheap and honestly it's because they don't know what they're talking about because it's a cotton blend tee and 100% cotton is much thicker as opposed to being mixed with polyester and rayon because what they think may look and feel thin and cheap material but it will outlast a 100% cotton t-shirt by years and for the price!!! Are you kidding me you can't beat it, I bought one shirt a few weeks ago and I just ordered two more of a different color because I love them so much and for the last 5 years or so anytime I go online looking for t-shirts I'm always searching for cotton polyester blend either 50/50 or 50/40/10 or 60/40..... You will find that your T-shirts will last a hell of a lot longer and will fit the same way they fit the very first time you put them on and if you prefer a light t-shirt that feels very comfortable opposed to a heavy 100% cotton t-shirt then you will love these...no doubt",positive,positive
B0D5FYJBT9,sneakers,5,Love love love,Love love love. Fits great. I love the room in the toe area. I love the color. They are super cute. They seem really durable. They are really comfortable.,positive,positive
B011WTM622,coffee maker,5,No more Auto Drip,"My Sister-N-Law introduced me to a French Press while on vacation and I loved it. A little extra work in preparation and cleaning than the normal way of making coffee, but it is worth it. The double filter has been great on reducing grinds in the cup. The final product has been great and a better quality of coffee is the end result. Actually, I have found that I use less coffee in the brewing process. Especially, using a better grade of coffee. I love a dark roast coffee and this press has helped to achieve my desired results.",positive,positive
B0GMLBSSTD,gaming mouse,5,Worthy of the praise,"I have been using it a full week now, and I think it's worth all the praise. It's a safe shape that will work for everyone except if your hands are on the smaller side. Switches, side buttons, scroll wheel, and sensor all feel perfect. My honest favorite thing about this mouse is the battery life is otherworldly good compared to anything I have used. I likely won't have to charge it until about 5-6 weeks of moderate to heavy use at 1000Hz, which is huge when I need to charge my other mice practically after a weekend. The first negative is the price is steep, especially when you could get the V3 Pro Se for like have the price. Two, the M1/M2 switches are on the loud side, but you won't notice them with headphones. You will annoy anyone around you though if they have to listen to you click. Three, the black version is a bit of an oil magnet, but the coating at least feels good. Might be worth using either Razer's provided grips or another brands for long-term use. Overall, it's a very good mouse if it's within your price range, and your hands are moderately large in size. Maybe it's placebo, but I also dropped my first nuke in Call of Duty on keyboard and mouse using it. That might be influencing might personal opinion of it, but I promise it's a great mouse.",positive,positive
B0DQTRH3V4,desk lamp LED,5,Great product,"Aesthetic design, sturdy base, functional control pad at base plate. I'm totally pleased with this purchase and the simple assembly confirmed the design team did their homework. Wide array of lighting options for every task. A+ product.",positive,positive
B0GZZVM9DX,smartwatch,5,Works great.,So I could sit in my favorite chair. The cord provided was not long enough.,positive,neutral
B0H7R1LD7B,wireless earbuds,5,Great sound and so comfortable!,"I absolutely love these earbuds! They are comfortable to wear, stay securely in place, and the sound quality is really good. I especially love how convenient the charging case is and the battery life is amazing. The LED display is also a nice touch because I can easily see how much battery is left. They look great, feel comfortable, and work exactly as I hoped. I’m very happy with my purchase!",positive,positive
B0FZQD1M8C,gaming chair,5,Great product at a great price,"Great chair for a great price. I was originally looking at super expensive versions, but this serves the purpose for a fraction of the price. Looks good, feels good and is very functional.",positive,positive
B0GXZ69S18,gaming chair,5,Comfortable and great customer service,"I really like the feel of the cloth vs leather chairs, leather ones tent to crack over time and our cat would leave scratch marks. It was easy to put together. Customer service is great. My teen son is on the heavy side so when he broke off one of the legs I contacted customer service for a replacement part and had one sent out with in a week. Then my son broke the backrest. I had worries that they would not cover it since they already sent a replacement part in the past but customer service was so nice and understanding and sent a replacement backrest with in a few days. I would definitely purchase this chair again. Out of the 5 name brand gaming chairs my son has gone through this is by far the best one of with great quality, comfort and stability.",positive,positive
B0CGCMS31N,phone case,5,かなりお気に入り,It is well made and feels safe. It looks like it can be used for a long time.,positive,positive
B099XVDV91,candle,5,Absolutely Stunning — My Favorite Candle Ever!,"I wasn’t sure what to expect when I ordered this, but the moment I lit it for the first time, I was completely blown away. The Jasmine, Oud & Sandalwood combination is pure sophistication in a candle. It’s warm, exotic, and incredibly inviting — like walking into a high-end spa. The scent throw is phenomenal. One candle fills my entire living room without being overpowering. It hits that perfect balance of strong enough to notice but not so heavy that it gives you a headache. The jasmine adds a fresh floral top note while the oud and sandalwood give it that deep, rich, luxurious warmth underneath. The layers of scent are just chef’s kiss. The burn is incredibly clean and even. No tunneling, no excessive soot, and the wick stays perfectly centered. It burns down slowly too, so you really get your money’s worth out of it. I’ve had cheaper candles burn out in days — this one lasts. The packaging alone feels like a gift. It looks beautiful on my coffee table and gets compliments from every single guest who comes over. People always ask where I got it! If you’re on the fence, just buy it. This is hands down the most luxurious candle I’ve ever owned, and I will be repurchasing without hesitation. Lulu Candles has a customer for life! 🕯️​​​​​​​​​​​​​​​​",positive,positive
B0CCF6J2Q6,gaming mouse,5,Best mouse,Way better than 100$ mouses. Made out of quality material. Feels so nice in my hand. Perfect size. Slides across mousepad so easily and accurately. No delay. Easy to set up. Love the color. Sounds great.,positive,positive
B0CSYYKB97,USB-C hub,5,Provides the power needed,"Well worth the money spent. Allows for more usb slots now that newer computers are downsizing the number of slots that they used to come with. No degradation in picture quality through hdmi, doesn't appear to slow down data transfer. Powers on with the computer it attaches to. Plug and play, no driver installation or software. I've only used on Windows computers, but I'm sure if whatever computer has a USB C, it would work. There are slots for charging devices. I bought a lot because there are a lot of employees needing to use it because their hdmi slots are not providing enough power to the output device they are using. They use a SMART board/tv that had a hard time reading the signal from the regular hdmi port. But once plugged into this hub, it had no issues recognizing it and broadcasting a signal.",positive,positive
B0F3KWZQ61,kitchen knife set,5,Worth the price,"Be careful, these knives are very sharp! Expensive, but worth it!",positive,positive
B0FRMS6KF3,gaming chair,5,Wow! Best gamer chair!,"This slim and efficient computer chair is exactly what I needed. Feels great and keeps you focused at your desk like a good gamer chair should. The lay back feature is almost good enough to take a nap in, seriously I almost fell asleep! When locked in at the normal height it gets work done better than those bigger CEO chairs, by far better. The only drawback is you can't really rock back on it. Instead you can go back and lock that in but once locked you lose the rocking feature. Not a huge drawback but my old chair rocked and I kinda liked that feature. I love the colors and the little extra lumbar supports it comes with. Overall a very solid chair and built to last. It also fits next to my computer better than my last chair so I have to give it high parise for that. You really can't go wrong at this price, my last chair cost 3x more and it didn't last more than a few years before the seat wear down to nothing, this chair is built to last longer I can already tell.",positive,positive
B011HMDZ0Q,gaming mouse,5,Gaming mouse,"Like it, works great and very comfortable",positive,positive
B0C8JZ57R1,notebook journal,5,Very good qaulity - I am impres,"This hardcover note book I am very impresse over it. It realy nice, also came safe in a box - but also wrapped up itself. There not 1 but 3 markers ( fabric in 3 colours ) to mark pages or so. Also the traditionel band to hold around / close book and the pen holder, which is a big favorite and I love with theses kind of books. The pen is easy to put in, so it not getting "" away "" or found a place to keep it etc. I really love this book, that twice as big in pages, then I normally buy. But I love this book where it higher quality and good pages. I bough one with liniert pages. The pages on my photo may seen alittle yellow, but they are really white and I am kind of blow away by how great this note book is. I can only recomment this product and dealer - I really love this notebook big time",positive,positive
B0995MYSRN,sunglasses,4,Great price for what you get,"Good prcie, fit nice, take quite some time to loosen the arms. But great for the price. Cons- fragile, one lens popped out easy, another got accidentally sat on and broke arm off.",positive,neutral
B00N4ZHPZ6,yamaha acoustic guitar,5,Guitare,"2 models of capo, one silver and the other black, great 👍",positive,positive
B0799C1ZCG,t-shirt,5,"Great quality, not thin material at all.","Great quality, not thin material at all.",positive,positive
B008I2IKI6,electric toothbrush,5,Top quality,"Excellent product, very difficult to find the same Model. I would recommend it anyday, if available make sure to buy it with some extra brush heads.",positive,positive
B0F991PB6N,sneakers,4,Runs big,"I originally bought these shoes in a size 6.5 because that’s my shoe size, but these run a little big, so, I returned them and bought a size 6 and they fit perfectly. I love how lightweight they are, the quality and durability is better than I expected. Worth the money! Not to mention they are very stylish.",positive,positive
B0DB4W8FB1,kitchen knife set,5,Ottimo,They are nice knives. I like them a lot,positive,positive
B09G1TPWBQ,backpack,5,Great product.,This a very sturdy long lasting backpack. I have recommended to others who have indeed purchased it with no complaints. Thank you,positive,positive
B0D9849WQD,candle,5,Bien,Très jolie,positive,positive
B0FXX4Q21N,kitchen knife set,5,Love these,They are super sharp@ Love the built in sharpener,positive,positive
B0CR6BWHQN,coffee maker,5,Simple Yet Stylish,"Was a bit hesitant to buy this one; mixed reviews but I took a gamble. I have not had it very long, but so far I am quite pleased with it. Makes a great cup of coffee. Read your instruction manual before using and abide by it. Three brew settings on the knob: mild, medium, strong. While it's brewing the blue light ring pulsates, then solid blue light when it is finished brewing. Love the color and the style. I also like the fact there is no clock on it so one less thing to reset after a power outage. Simple on/off and nothing to program. Exactly what I wanted.",positive,positive
B0FN3JSVNZ,gaming chair,5,Very Comfy and Holding Up Great,"I ordered this chair on August 6th, and after a little over two weeks of regular use, I absolutely love it. It is much more comfortable than my previous chair, which I had been using for years, and I can sit in it for long periods without feeling uncomfortable. I also haven't noticed any degradation in the cushioning, materials, or overall comfort so far, which is a great sign. The only downside I had was the assembly. There wasn't really a clear manual included with the chair, so figuring out exactly how everything was supposed to go together was a little confusing. I had to rely on YouTube videos to figure out some of the assembly, and finding a useful video was a bit of a hassle. Once I figured everything out though, the chair went together fine. Overall, I am very happy with the chair. It has been a major comfort upgrade from my previous chair and after a little over two weeks of use, it still feels just as good as when I first put it together.",positive,positive
B0CQ3ZGKP3,desk lamp LED,5,Práctico y facil de llevar,"Good battery life, it does what it is and is very practical.",positive,positive
B0BXX1TJC8,notebook journal,5,Very Beautiful Journal.,"Very beautiful journal. Not too big, not to small. Quality product. The pages a ivory color which is nice. Antique feel! lined, and other information on the page such as images of weather (sunny, rainy, etc.) and day of the week notations (Mon, Tue, etc) will help in your not having to describe those things. I look forward to writing in it. I have never journaled before.",positive,positive
B009OGG8FW,sunglasses,5,Great sunglasses,"I HATE bad optics. Looking through cheap sunglasses drives me insane. I have tried many brands over the years but always seem to return to Ray-Ban for the lens color. Turns out they have it patented. For me the only other brand that even comes close is Randolph aviation products. I am very happy with the Ray-Bans. They fit nicely in my full face helmet and the lower wire frame does not occlude my vision, very important on a motorbike. As cool as they look I have not been attacked by any women yet. This is a fault of my not looking like Brad Pitt.",positive,positive
B0DFZG4CR3,kitchen knife set,5,Good Quality Knife Set!,"I’m really impressed with this knife set for the price! The knives are sharp, work really well for everyday cooking, and the block itself is so aesthetically pleasing sitting on my counter. It has a much more expensive look without the expensive price tag. Definitely a great option if you want a nice-looking knife set that gets the job done without spending a ton.",positive,positive
B0CRQX9R5H,desk lamp LED,4,Great product but suddenly waaaaaaaay to pricey.,Great product. Had it a year and it's been solid and a great light. Would definitely recommend. I was about to buy it again but it's double the price now. Shame.,positive,positive
B0CNZS9RRB,desk lamp LED,5,Good buy,As described. Perfect for student.,positive,positive
B0C1Z48WKW,notebook journal,4,"Good quality, minor nitpicks","Four stars because it's almost perfect. One star removed because of unnecessary branding with the ugly nonsense word ""feela"" inside the front cover on the first (blank) page, and the thread binding seems a bit weak and is already frayed up on the bottom end. However, the paper is of decent quality, absorbs ink well and doesn't show through the pages very much (I have a very heavy ink pen, a lighter ballpoint probably wouldn't show much at all). I'd prefer thinner line ruling and for the branding to be removed, but that's it. Otherwise a good notebook and I would purchase again.",positive,positive
B0767PWDQ4,t-shirt,5,Great crafting T-shirts,"I originally bought this shirt in a medium, but it ran way too big. I sized down to an extra‑small, and that fit perfectly with room to move. These are simple cotton T‑shirts at a great price, and the colors are true to what’s advertised. I’ve used vinyl decalon them and the adhesive holds really well. I do wish the material were a bit softer, but for the price, it’s hard to complain. I did wash them and so far no shrinkage. They also didn’t bleed dye onto any other clothing.",positive,positive
B0FB349R8G,phone stand,5,Big recommend,Really sturdy and easy to adjust. Does its job. It was really useful when I used it for my sibling’s band performance.,positive,positive
B0CW5ZVKSX,candle,5,They all have a masculine smell,"Really enjoying these. They all smell very good and look good. Nice box they come in too. Ill be buying more for sure. These are nicely made, very nice. Had one candle still burning for 2 days (looks close to going out). And my living room smells awesome!",positive,positive
B000RVYMWE,yamaha acoustic guitar,5,albin,I am very satisfied!,positive,positive
B0DXFFY4YV,phone stand,5,Great tripod for videos and photos 😍,"I really like this tripod. It's easy to use ,lightweight,and holds my phone very well. The remote control works great for taking pictures and videos from a distance. It's perfect for selfies , TikTok videos,and video calls. Good quality for the price.",positive,positive
B0DG36YPZM,water bottle,5,Great flask,Retains heat really well and doesn’t leak. Colour is very pretty too,positive,positive
