query_asin,query_title,category,result_asin,result_title,relevant
B07C2Z21X5,Canon EOS Rebel T7 DSLR Camera EF-S 18-55mm f/3.5-5.6 is II ,DSLR camera,B0101RW3QK,Canon EOS Rebel T7 DSLR Camera Double Zoom Lens Kit with EF-,1
B07C2Z21X5,Canon EOS Rebel T7 DSLR Camera EF-S 18-55mm f/3.5-5.6 is II ,DSLR camera,B07PCSKGP7,Canon EOS Rebel T7 DSLR Camera with EF-S 18-55mm F3.5-5.6 is,1
B07C2Z21X5,Canon EOS Rebel T7 DSLR Camera EF-S 18-55mm f/3.5-5.6 is II ,DSLR camera,B0C5PGRP7V,Canon EOS R100 Mirrorless Camera RF-S18-45mm F4.5-6.3 is STM,1
B07C2Z21X5,Canon EOS Rebel T7 DSLR Camera EF-S 18-55mm f/3.5-5.6 is II ,DSLR camera,B0BTTV6CT1,Canon EOS R50 Mirrorless Camera RF-S18-45mm F4.5-6.3 is STM ,1
B07C2Z21X5,Canon EOS Rebel T7 DSLR Camera EF-S 18-55mm f/3.5-5.6 is II ,DSLR camera,B086TTTZR5,Canon EOS RP Full-Frame Mirrorless Interchangeable Lens Came,0
B0DT6Z3R4F,"Powered USB Hub 10Gbps, intpw 9-Port USB 3.2 Hub, USB C Hub ",USB-C hub,B0G13RQ2SZ,ACASIS 16 Ports Powered USB 3.2 Hub (8 USB-A 3.2 +8 USB-C 3.,1
B0DT6Z3R4F,"Powered USB Hub 10Gbps, intpw 9-Port USB 3.2 Hub, USB C Hub ",USB-C hub,B0GLJ4P85L,"VANGREE Powered USB Hub,16 Ports 10Gbps USB C Hub, 8*USB-A 3",1
B0DT6Z3R4F,"Powered USB Hub 10Gbps, intpw 9-Port USB 3.2 Hub, USB C Hub ",USB-C hub,B0G11F8FHR,Rosonway 7 Ports Powered USB 3.2/USB C Hub 10Gbps with 4 USB,1
B0DT6Z3R4F,"Powered USB Hub 10Gbps, intpw 9-Port USB 3.2 Hub, USB C Hub ",USB-C hub,B0BL9F5S6R,"VANGREE USB C Hub 8 in 1, 3 USB-C+3 USB-A 3.2 10Gbps, 4K60Hz",1
B0DT6Z3R4F,"Powered USB Hub 10Gbps, intpw 9-Port USB 3.2 Hub, USB C Hub ",USB-C hub,B0F5HSNDXF,"Acer 10 Gbps USB C Hub, USBC Splitter with 4*USB C 3.2 and 1",1
B0DT6Z3R4F,"Powered USB Hub 10Gbps, intpw 9-Port USB 3.2 Hub, USB C Hub ",USB-C hub,B0DKT8BB4M,"Anker USB-C Hub, 5-in-1 USB Hub for Laptops, 4K HDMI Multipo",0
B0DT6Z3R4F,"Powered USB Hub 10Gbps, intpw 9-Port USB 3.2 Hub, USB C Hub ",USB-C hub,B0BY27XSJ3,"Belkin 100W 10Gbps Multiport USB-C Hub Adapter for Laptop, i",0
B0H699TJC3,"DREO Air Purifier for Home, HEPA Sleep Mode, AHAM VERIFIDE A",air purifier,B0H691WC3S,"DREO Air Purifier for Home, Up to 1176 ft², HEPA Sleep Mode,",1
B0H699TJC3,"DREO Air Purifier for Home, HEPA Sleep Mode, AHAM VERIFIDE A",air purifier,B0H5R2SYQF,"DREO Smart Air Purifier for Home, Up to 1176 ft², HEPA Sleep",1
B0H699TJC3,"DREO Air Purifier for Home, HEPA Sleep Mode, AHAM VERIFIDE A",air purifier,B0DCBC8KKV,"Air Purifiers for Home Large Room up to 2200sq.ft, MOOKA Air",1
B0H699TJC3,"DREO Air Purifier for Home, HEPA Sleep Mode, AHAM VERIFIDE A",air purifier,B0GCMGN8C8,"KNKA Air Purifiers for Home Bedroom Up to 1,695 Ft² in 1 Hr,",1
B0H699TJC3,"DREO Air Purifier for Home, HEPA Sleep Mode, AHAM VERIFIDE A",air purifier,B0CXJ97TV1,"MOOKA Air Purifier for Home Bedroom Large Room 2200 Ft², HEP",1
B0H699TJC3,"DREO Air Purifier for Home, HEPA Sleep Mode, AHAM VERIFIDE A",air purifier,B0BNDM2RNG,LEVOIT Air Purifier for Home Pets Bedroom Dorm Room Washable,1
B0H699TJC3,"DREO Air Purifier for Home, HEPA Sleep Mode, AHAM VERIFIDE A",air purifier,B08R794ZMX,LEVOIT Smart Air Purifiers for Home Large Room Up to 1733 Ft,1
B0H699TJC3,"DREO Air Purifier for Home, HEPA Sleep Mode, AHAM VERIFIDE A",air purifier,B08FJ678YK,"Levoit Air Purifier for Home Pets Bedroom Dorm Room, Smart &",1
B0H699TJC3,"DREO Air Purifier for Home, HEPA Sleep Mode, AHAM VERIFIDE A",air purifier,B07VVK39F7,LEVOIT Air Purifier for Home Allergies and Pets Hair Smokers,1
B07CPW148Z,abshoo Classical Basic Womens Travel Backpack For College Me,backpack,B07V4R4Z77,"SHRRADOO Extra Large Travel Laptop Backpack for Men, Work Co",1
B07CPW148Z,abshoo Classical Basic Womens Travel Backpack For College Me,backpack,B09MQWWP87,"Taygeer Travel Backpack for Women, TSA Carry On Backpack Fli",1
B07CPW148Z,abshoo Classical Basic Womens Travel Backpack For College Me,backpack,B0DL8W99LM,LOVEVOOK Laptop Backpack for Women with Pouch Pocket for Lar,1
B07CPW148Z,abshoo Classical Basic Womens Travel Backpack For College Me,backpack,B0DQSJM8SX,"BAGSMART Travel Backpack for Women, 15.6"" College Laptop Bac",1
B07CPW148Z,abshoo Classical Basic Womens Travel Backpack For College Me,backpack,B07F2YJRN2,"Volher Laptop Backpack,Business Travel Anti Theft Slim Colle",1
B07CPW148Z,abshoo Classical Basic Womens Travel Backpack For College Me,backpack,B0F83YR84S,abshoo Large Heavy Duty Backpack For School College Bookbag ,1
B07CPW148Z,abshoo Classical Basic Womens Travel Backpack For College Me,backpack,B0DT1H3CR1,Coffee Brown Canvas Backpack for Women & Men Retro Aesthetic,1
B07CPW148Z,abshoo Classical Basic Womens Travel Backpack For College Me,backpack,B08KSHWYL2,"JanSport Laptop Backpack - Computer Bag with 2 Compartments,",1
B0C4BZ28PG,"Amazon Fire TV Soundbar, 2.0 speaker with DTS Virtual:X and ",bluetooth speaker,B088KRPCQJ,Bose TV Speaker - Soundbar for TV with Bluetooth and HDMI-AR,1
B0C4BZ28PG,"Amazon Fire TV Soundbar, 2.0 speaker with DTS Virtual:X and ",bluetooth speaker,B0HDN8K6GB,"Bluetooth Speaker, Portable Wireless, 20W HD Stereo Loud Sou",0
B0C4BZ28PG,"Amazon Fire TV Soundbar, 2.0 speaker with DTS Virtual:X and ",bluetooth speaker,B08FDPW8KR,"Ortizan X10 Portable Bluetooth Speaker (1st Gen), IPX7 Water",0
B0C4BZ28PG,"Amazon Fire TV Soundbar, 2.0 speaker with DTS Virtual:X and ",bluetooth speaker,B0H9R9NDSG,"Bluetooth Speaker, IPX7 Waterproof, 50W Peak/25W RMS, Matte ",0
B0C4BZ28PG,"Amazon Fire TV Soundbar, 2.0 speaker with DTS Virtual:X and ",bluetooth speaker,B07DMMG7QY,"DOSS SoundBox Pro Bluetooth Speaker, 20W Stereo Sound, Activ",0
B0C4BZ28PG,"Amazon Fire TV Soundbar, 2.0 speaker with DTS Virtual:X and ",bluetooth speaker,B0D6SX8VLQ,"Amazon Echo Dot Max (newest model), Alexa speaker with room-",0
B0C4BZ28PG,"Amazon Fire TV Soundbar, 2.0 speaker with DTS Virtual:X and ",bluetooth speaker,B09B8V1LZ3,"Amazon Echo Dot (newest model) - Vibrant sounding speaker, D",0
B0GVPQNGS8,"dynabook Tecra A45-M 14” Business Laptop, AMD Ryzen 5 220 (U",budget laptop,B0GVPKW5RG,"dynabook Portégé X40-M 14” Business Laptop, Intel Core Ultra",1
B0GVPQNGS8,"dynabook Tecra A45-M 14” Business Laptop, AMD Ryzen 5 220 (U",budget laptop,B0GQB1LPTR,"HP OmniBook 3 17.3 inch Laptop PC, FHD Display, AMD Ryzen 3 ",1
B0GVPQNGS8,"dynabook Tecra A45-M 14” Business Laptop, AMD Ryzen 5 220 (U",budget laptop,B0GX66CNNJ,"Lenovo 15.6"" Business Laptop, 2026 Edition, 8GB DDR5 128GB S",0
B0GVPQNGS8,"dynabook Tecra A45-M 14” Business Laptop, AMD Ryzen 5 220 (U",budget laptop,B0GY16ZXZV,"HP Laptop 2026 Student Business, Copilot AI+Office 365, 128G",0
B0GVPQNGS8,"dynabook Tecra A45-M 14” Business Laptop, AMD Ryzen 5 220 (U",budget laptop,B0DTVQN7KM,"ASUS Vivobook Go 15.6” FHD Slim Laptop, AMD Ryzen 3 7320U Qu",0
B0GVPQNGS8,"dynabook Tecra A45-M 14” Business Laptop, AMD Ryzen 5 220 (U",budget laptop,B0H2LTLNM4,"15.6'' AI Laptop with Office 365, 6GB RAM 128GB SSD",0
B0GVPQNGS8,"dynabook Tecra A45-M 14” Business Laptop, AMD Ryzen 5 220 (U",budget laptop,B0H9D5WDWV,"15.6 inch Laptop, Core 8100Y, 4GB So-Dimm RAM, 128GB SSD, Wi",0
B099XVDV91,"Lulu Candles Jasmine, Oud & Sandalwood Scented Soy Blend Jar",candle,B0D9849WQD,M&SENSE Jasmine Candles Highly Scented 3 Wick 35oz 150 Hours,1
B099XVDV91,"Lulu Candles Jasmine, Oud & Sandalwood Scented Soy Blend Jar",candle,B0D83HBHBM,AOOVOO Lavender Scented Candles for Women - Aromatherapy Can,1
B099XVDV91,"Lulu Candles Jasmine, Oud & Sandalwood Scented Soy Blend Jar",candle,B0CW5ZVKSX,AOOVOO Scented Candles for Men - 4 Pack Candles for Home Sce,1
B099XVDV91,"Lulu Candles Jasmine, Oud & Sandalwood Scented Soy Blend Jar",candle,B0H13SBHS1,AOOVOO Fall Candles Set for Women - Aromatherapy Candle with,1
B099XVDV91,"Lulu Candles Jasmine, Oud & Sandalwood Scented Soy Blend Jar",candle,B0DLN1G7G6,"Teakwood & Mahogany Candle | Masculine Candles for Men, Gift",1
B099XVDV91,"Lulu Candles Jasmine, Oud & Sandalwood Scented Soy Blend Jar",candle,B0CHYWN5W6,"Scented Candles Gift Set for Women, 6-Pack Aromatherapy Cand",1
B099XVDV91,"Lulu Candles Jasmine, Oud & Sandalwood Scented Soy Blend Jar",candle,B0DP74YCXR,"AOOVOO Scented Candles - 4PC Candle Set, 36 oz Soy Candles",1
B099XVDV91,"Lulu Candles Jasmine, Oud & Sandalwood Scented Soy Blend Jar",candle,B07982DFFD,Maison Louis Marie - No.04 Bois de Balincourt Soy Wax Candle,1
B011WTM622,"ESPRO P3 French Press Coffee Maker, 32oz, Black, Double Micr",coffee maker,B011WTWIPW,"ESPRO P7 French Press, 32oz, Matte Black, Stainless Steel Co",1
B011WTM622,"ESPRO P3 French Press Coffee Maker, 32oz, Black, Double Micr",coffee maker,B0GL99Y6ND,"34 oz Bronze French Press Coffee Maker, Heat Resistant Thick",1
B011WTM622,"ESPRO P3 French Press Coffee Maker, 32oz, Black, Double Micr",coffee maker,B0CR6BWHQN,"Amaste Coffee Maker, 5 Cup Coffee Pot with Three Brewing Mod",0
B011WTM622,"ESPRO P3 French Press Coffee Maker, 32oz, Black, Double Micr",coffee maker,B00AF7WUO2,Hamilton Beach One Press Programmable Dispensing 12 Cup Coff,0
B011WTM622,"ESPRO P3 French Press Coffee Maker, 32oz, Black, Double Micr",coffee maker,B0DHCJDJBW,Tastyle Mini Single Serve Hot and Iced Coffee Maker for K Cu,0
B011WTM622,"ESPRO P3 French Press Coffee Maker, 32oz, Black, Double Micr",coffee maker,B07S98411N,"Ninja Fresh Brew Coffee Maker, 12 Cup Glass Carafe, Stainles",0
B011WTM622,"ESPRO P3 French Press Coffee Maker, 32oz, Black, Double Micr",coffee maker,B0GDF4PL97,"Sorgente Stainless Steel Espresso Machine 20 Bar, Silky-Smoo",0
B011WTM622,"ESPRO P3 French Press Coffee Maker, 32oz, Black, Double Micr",coffee maker,B0FJ891D8Y,MEGAWISE Espresso Machine with 20Bar High-Pressure Extractio,0
B011WTM622,"ESPRO P3 French Press Coffee Maker, 32oz, Black, Double Micr",coffee maker,B0H6M2J4GK,"10 Cup Programmable Coffee Maker, Regular & Strong Brew Drip",0
B011WTM622,"ESPRO P3 French Press Coffee Maker, 32oz, Black, Double Micr",coffee maker,B08QZSN97Z,"Ninja Specialty Drip Coffee Maker, DualBrew Pro, Black, CFP3",0
B0DDXYDSLM,"LED Desk Lamp with Clamp, 4CCT Table Lights for Home Office ",desk lamp LED,B09YV633PL,"LED Desk Lamp with Clamp, Architect Desk Lamp with Dual Ligh",1
B0DDXYDSLM,"LED Desk Lamp with Clamp, 4CCT Table Lights for Home Office ",desk lamp LED,B0F6DDHYVK,"LED Desk Lamp with Clamp, Eye-Carying Desk Light with Remote",1
B0DDXYDSLM,"LED Desk Lamp with Clamp, 4CCT Table Lights for Home Office ",desk lamp LED,B0BRCJL4MM,Pzloz Led Desk Lamp for Office Home - Eye Caring Architect l,1
B0DDXYDSLM,"LED Desk Lamp with Clamp, 4CCT Table Lights for Home Office ",desk lamp LED,B0F1XKYJFD,"Adjustable LED Desk Lamp with Clamp & Remote, Wide 4-Head",1
B0DDXYDSLM,"LED Desk Lamp with Clamp, 4CCT Table Lights for Home Office ",desk lamp LED,B0H41M8Z7G,"LED Desk Lamps for Home Office, 18W Bright Soft Video Confer",1
B0DDXYDSLM,"LED Desk Lamp with Clamp, 4CCT Table Lights for Home Office ",desk lamp LED,B0FRS7SVR7,"LED Desk Lamp for Home Office with Base, 28.2"" Adjustable Go",1
B0DDXYDSLM,"LED Desk Lamp with Clamp, 4CCT Table Lights for Home Office ",desk lamp LED,B0D1QY8PL6,SUPERDANNY Eye-Caring LED Desk Lamp Work Lamp Office Lamp wi,1
B0DDXYDSLM,"LED Desk Lamp with Clamp, 4CCT Table Lights for Home Office ",desk lamp LED,B0GXDJVWZX,"LED Desk Lamp for Home Office with Base, Dimmable Eye Care A",1
B0DDXYDSLM,"LED Desk Lamp with Clamp, 4CCT Table Lights for Home Office ",desk lamp LED,B0BNHNG5CY,"Micomlan Led Desk Lamp with Clamp, Architect Desk Lamp for H",1
B0FN3S7LKG,"7MAGIC Sonic Electric Toothbrush, 180-Day Runtime, 42000VPM,",electric toothbrush,B0DNF673KY,"Electric Toothbrush for Adults, Rechargeable Sonic Toothbrus",1
B0FN3S7LKG,"7MAGIC Sonic Electric Toothbrush, 180-Day Runtime, 42000VPM,",electric toothbrush,B0G8J89WBT,Rtauys M5 Electric Toothbrush for Adults - Sonic Electric To,1
B0FN3S7LKG,"7MAGIC Sonic Electric Toothbrush, 180-Day Runtime, 42000VPM,",electric toothbrush,B0FRFW6VYR,"Onlyone Electric Toothbrush for Adults, Rechargeable Electri",1
B0FN3S7LKG,"7MAGIC Sonic Electric Toothbrush, 180-Day Runtime, 42000VPM,",electric toothbrush,B0GWWN7WCK,"Electric Toothbrush for Adults, 8 Brush Heads (2 Types) & Tr",1
B0FN3S7LKG,"7MAGIC Sonic Electric Toothbrush, 180-Day Runtime, 42000VPM,",electric toothbrush,B0CP8QM3R1,"Rotating Electric Toothbrush for Adults, 8 Heads 2 Types, 4 ",1
B0FN3S7LKG,"7MAGIC Sonic Electric Toothbrush, 180-Day Runtime, 42000VPM,",electric toothbrush,B0D63KYHHH,Quip Sonic Electric Toothbrush for Adults with Timer - Inclu,1
B0FN3S7LKG,"7MAGIC Sonic Electric Toothbrush, 180-Day Runtime, 42000VPM,",electric toothbrush,B0DW624GXR,Quip Metal Sonic Electric Toothbrush for Adults - Time Trave,1
B0H8DBTLV6,"GTPLAYER Gaming Chair, High Back Leather Computer Gaming Cha",gaming chair,B0FH25Z9W3,"Gaming Chair Covers Only,Stretchable Fit Thick Breathable Me",0
B0H8DBTLV6,"GTPLAYER Gaming Chair, High Back Leather Computer Gaming Cha",gaming chair,B0F6WBLG4W,"GTPLAYER Computer Chair with Adjustable Footrest, Ergonomic ",1
B0H8DBTLV6,"GTPLAYER Gaming Chair, High Back Leather Computer Gaming Cha",gaming chair,B0FLJLV8WN,"GTPLAYER Gaming Chair, Computer Game Chair for Adults, RGB B",1
B0H8DBTLV6,"GTPLAYER Gaming Chair, High Back Leather Computer Gaming Cha",gaming chair,B0GXDR1VWR,"GTPLAYER Gaming Chair, Ergonomic Computer Chair with Footres",1
B0H8DBTLV6,"GTPLAYER Gaming Chair, High Back Leather Computer Gaming Cha",gaming chair,B0H6PZMQ1L,"Gaming Chair Ergonomic Gamer Computer Office Chair,Footrest ",1
B0H8DBTLV6,"GTPLAYER Gaming Chair, High Back Leather Computer Gaming Cha",gaming chair,B0D4TKP2M1,GTPLAYER Big and Tall Gaming Chair Fabric with Pocket Spring,1
B0H8DBTLV6,"GTPLAYER Gaming Chair, High Back Leather Computer Gaming Cha",gaming chair,B0FN3JSVNZ,"GTPLAYER Gaming Chair Fabric with Pocket Spring Cushion, Big",1
B0H8DBTLV6,"GTPLAYER Gaming Chair, High Back Leather Computer Gaming Cha",gaming chair,B0GXZ69S18,"GTPLAYER Big & Tall Gaming Chair, Wide Seat with Footrest, B",1
B0DCVKYQ99,"Uineer Wired Mouse, USB-A Computer Mouse with 6 Buttons,Adju",gaming mouse,B0DP3VPWN3,USB C 20FT Wired Mouse for Mac and Windows - 1600DPI Simple ,1
B0DCVKYQ99,"Uineer Wired Mouse, USB-A Computer Mouse with 6 Buttons,Adju",gaming mouse,B0DCVP49FN,"Uineer Wireless Mouse, 2.4GHz Rechargeable Computer Mouse, B",1
B0DCVKYQ99,"Uineer Wired Mouse, USB-A Computer Mouse with 6 Buttons,Adju",gaming mouse,B09YD8VLN3,"Macally USB C Mouse Wired - Precise, Comfortable, and Quiet ",1
B0DCVKYQ99,"Uineer Wired Mouse, USB-A Computer Mouse with 6 Buttons,Adju",gaming mouse,B0F1D7P51F,"INPHIC A9 V2 Explorer Wireless Gaming Mouse, 12800 DPI Silen",1
B0DCVKYQ99,"Uineer Wired Mouse, USB-A Computer Mouse with 6 Buttons,Adju",gaming mouse,B0G4V76JFT,"Aula SC620 Wireless Gaming Mouse, Tri-Mode 2.4GHz/USB-C/BT5.",1
B0DCVKYQ99,"Uineer Wired Mouse, USB-A Computer Mouse with 6 Buttons,Adju",gaming mouse,B0GWPXKLHB,"120 Pack Wired USB Silent Computer Mouse Bulk, 3 Button 1000",0
B0DCVKYQ99,"Uineer Wired Mouse, USB-A Computer Mouse with 6 Buttons,Adju",gaming mouse,B011HMDZ0Q,"Redragon M602 Gaming Mouse, Ergonomic RGB Gaming Mouse Wired",1
B00FLYWNYQ,"Instant Pot Duo 6 Qt 7-in-1 Electric Pressure Cooker, Stainl",instant pot,B01NBKTPTS,"Instant Pot Duo Plus 6 Qt 9-in-1 Electric Pressure Cooker, S",1
B00FLYWNYQ,"Instant Pot Duo 6 Qt 7-in-1 Electric Pressure Cooker, Stainl",instant pot,B0C35HNPW9,"Instant Pot Rio Wide 7.5 Qt 7-in-1 Electric Pressure Cooker,",1
B00FLYWNYQ,"Instant Pot Duo 6 Qt 7-in-1 Electric Pressure Cooker, Stainl",instant pot,B09MZTSSR2,"Instant Pot Duo Plus 8 Qt 9-in-1 Electric Pressure Cooker, W",1
B00FLYWNYQ,"Instant Pot Duo 6 Qt 7-in-1 Electric Pressure Cooker, Stainl",instant pot,B08PQ2KWHS,"Instant Pot Pro 6 Qt 10-in-1 Electric Pressure Cooker, Black",1
B00FLYWNYQ,"Instant Pot Duo 6 Qt 7-in-1 Electric Pressure Cooker, Stainl",instant pot,B08PPZWNCV,"Instant Pot Pro 8 Qt 10-in-1 Electric Pressure Cooker, Black",1
B00FLYWNYQ,"Instant Pot Duo 6 Qt 7-in-1 Electric Pressure Cooker, Stainl",instant pot,B06Y1YD5W7,"Instant Pot Duo 7-in-1 Mini Electric Pressure Cooker, Slow R",1
B0FMKFTGDJ,"Cuisine::pro Damashiro Knife Block (Hiryu, 10-Piece Set) - P",kitchen knife set,B0CP5QXC1H,"HOSHANHO 16PCS Knife Set, Ultra Sharp Japanese Kitchen Knife",1
B0FMKFTGDJ,"Cuisine::pro Damashiro Knife Block (Hiryu, 10-Piece Set) - P",kitchen knife set,B0C9LP36Q5,"SYOKAMI 2026 Upgrade Kitchen Knife Set, Foldable Magnetic Ac",1
B0FMKFTGDJ,"Cuisine::pro Damashiro Knife Block (Hiryu, 10-Piece Set) - P",kitchen knife set,B09Q5KPFXM,15 Pieces Kitchen Knife Set with Block and Sharpener,1
B0FMKFTGDJ,"Cuisine::pro Damashiro Knife Block (Hiryu, 10-Piece Set) - P",kitchen knife set,B0BFQLRHTJ,"Astercook Knife Set, 15-Piece Kitchen Knife Set with Block, ",1
B0FMKFTGDJ,"Cuisine::pro Damashiro Knife Block (Hiryu, 10-Piece Set) - P",kitchen knife set,B0FM83SLTL,"Knife Set, Amorston 21 Pieces Kitchen Knife Set with Block a",1
B0FMKFTGDJ,"Cuisine::pro Damashiro Knife Block (Hiryu, 10-Piece Set) - P",kitchen knife set,B0CBWXCS6B,KIMROSE Damascus Knife Set - 3PCS - High-Carbon 10Cr15CoMoV ,1
B0FMKFTGDJ,"Cuisine::pro Damashiro Knife Block (Hiryu, 10-Piece Set) - P",kitchen knife set,B0DFZG4CR3,Martha Stewart Knife Block Set 16-Piece - Lockton High Carbo,1
B0FMKFTGDJ,"Cuisine::pro Damashiro Knife Block (Hiryu, 10-Piece Set) - P",kitchen knife set,B0DQ7QVDKL,"Professional Kitchen Chef Knife sets, Razor Sharp Premium Hi",1
B0FMKFTGDJ,"Cuisine::pro Damashiro Knife Block (Hiryu, 10-Piece Set) - P",kitchen knife set,B0DKMHKDK3,Cutluxe 3-Piece Chef Knife Set – Ultra Sharp Japanese Kitche,1
B0FMKFTGDJ,"Cuisine::pro Damashiro Knife Block (Hiryu, 10-Piece Set) - P",kitchen knife set,B0BNJWWR3S,MARTHA STEWART Eastwalk 14 Piece High Carbon Stainless Steel,1
B0D14N2QZF,"AULA F75 Pro Wireless Mechanical Keyboard,75% Hot Swappable ",mechanical keyboard,B0G3PTHM36,"AULA F75 75% Wireless Mechanical Keyboard, Hot Swappable Cre",1
B0D14N2QZF,"AULA F75 Pro Wireless Mechanical Keyboard,75% Hot Swappable ",mechanical keyboard,B0CLLHSWRL,"AULA F99 Wireless Mechanical Keyboard,Tri-Mode BT5.0/2.4GHz/",1
B0D14N2QZF,"AULA F75 Pro Wireless Mechanical Keyboard,75% Hot Swappable ",mechanical keyboard,B0DZ28ZGYL,"AULA S99 Gaming Keyboard, Wireless Green Creamy Computer Key",1
B0D14N2QZF,"AULA F75 Pro Wireless Mechanical Keyboard,75% Hot Swappable ",mechanical keyboard,B0DWMX5TXV,"RK ROYAL KLUDGE R98 Pro Wired Mechanical Keyboard, 96% Cream",1
B0D14N2QZF,"AULA F75 Pro Wireless Mechanical Keyboard,75% Hot Swappable ",mechanical keyboard,B0DT43NNNF,"AULA WIN68 HE Mechanical Gaming Keyboard 60%, Hall Effect Ma",1
B0D14N2QZF,"AULA F75 Pro Wireless Mechanical Keyboard,75% Hot Swappable ",mechanical keyboard,B09TR4Y91J,"RisoPhy Mechanical Gaming Keyboard, RGB 104 Keys Ultra-Slim ",1
B0GJ5HHTJT,"Gawfolk 27 Inch Gaming Monitor IPS 120Hz, QHD 2560 * 1440p P",monitor 27 inch,B0FBFM72F2,"KTC 27 Inch QHD Computer Monitor 100Hz (OC 120Hz), 1440P for",1
B0GJ5HHTJT,"Gawfolk 27 Inch Gaming Monitor IPS 120Hz, QHD 2560 * 1440p P",monitor 27 inch,B0DM6SNBGM,"ASUS VA279HG 27 Inch 1080P 120Hz Eye Care Gaming Monitor, HD",1
B0GJ5HHTJT,"Gawfolk 27 Inch Gaming Monitor IPS 120Hz, QHD 2560 * 1440p P",monitor 27 inch,B0FLM15Q5L,LG 27G610A-B 27-inch Ultragear QHD (2560 x 1440) IPS Gaming ,1
B0GJ5HHTJT,"Gawfolk 27 Inch Gaming Monitor IPS 120Hz, QHD 2560 * 1440p P",monitor 27 inch,B0F29LH9HP,"ArcticPro 27 Inch Gmaing Monitor 144Hz, FHD 1080p Computer M",1
B0GJ5HHTJT,"Gawfolk 27 Inch Gaming Monitor IPS 120Hz, QHD 2560 * 1440p P",monitor 27 inch,B0D9MK23S7,Acer 27in FHD 1920x1080 IPS 120Hz Gaming Monitor | Office KB,1
B0GJ5HHTJT,"Gawfolk 27 Inch Gaming Monitor IPS 120Hz, QHD 2560 * 1440p P",monitor 27 inch,B0CHHSFMRL,Sceptre 27-inch Prime Gaming Monitor 100Hz 1ms DisplayPort H,1
B0GJ5HHTJT,"Gawfolk 27 Inch Gaming Monitor IPS 120Hz, QHD 2560 * 1440p P",monitor 27 inch,B0B3DS23NB,KOORUI 27 Inch Computer Monitor 144Hz FHD 1080p VA Display f,1
B09Y638YHD,20 Pack Journals for Writing College Ruled Notebooks Journal,notebook journal,B0C572T6G5,"BOSSAND Lined Journal Notebooks, 6 Pack A5 Journals for Writ",1
B09Y638YHD,20 Pack Journals for Writing College Ruled Notebooks Journal,notebook journal,B09F5L2XWZ,"vfaejll Lined Notebook with Pen, 5.9""x8.4"" A5 Hardcover Leat",1
B09Y638YHD,20 Pack Journals for Writing College Ruled Notebooks Journal,notebook journal,B0GTDBXDZT,"Lined Journal Notebook, A5 Hardcover Leather Journals for Wr",1
B09Y638YHD,20 Pack Journals for Writing College Ruled Notebooks Journal,notebook journal,B0C1Z48WKW,"feela 8 Pack Soft Cover Journal Bulk, Notebooks College Rule",1
B09Y638YHD,20 Pack Journals for Writing College Ruled Notebooks Journal,notebook journal,B0D1KDFG6J,"Lined Journal Notebook, A5 (5.7'' x 8.4""), 2 Pack Journaling",1
B09Y638YHD,20 Pack Journals for Writing College Ruled Notebooks Journal,notebook journal,B0C8JZ57R1,"Hardcover Lined Notebook Journal for Writing, 320 Pages Leat",1
B09Y638YHD,20 Pack Journals for Writing College Ruled Notebooks Journal,notebook journal,B0GVSM61BG,"8 Pack Lined Journal Notebook for Work, A5 Hardcover (5.5"" x",1
B09Y638YHD,20 Pack Journals for Writing College Ruled Notebooks Journal,notebook journal,B0G5PLHR14,"12 Pack Lined Journal Notebook for Work, 200 Pages, Medium 5",1
B09Y638YHD,20 Pack Journals for Writing College Ruled Notebooks Journal,notebook journal,B07L4JCG7T,"PAPERAGE Lined Journal Notebook, Hardcover Journal for Women",1
B09Y638YHD,20 Pack Journals for Writing College Ruled Notebooks Journal,notebook journal,B0BXX1TJC8,Lined Journal Notebook -365 Pages A5 Thick Journals for Writ,1
B0CC1F7SDR,"ESR for iPhone 15 Pro Max Case Flex Stand, for MagSafe, Clea",phone case,B0CC1F4V7Q,"ESR for iPhone 15 Pro Max Case for MagSafe, Anti-Yellowing, ",1
B0CC1F7SDR,"ESR for iPhone 15 Pro Max Case Flex Stand, for MagSafe, Clea",phone case,B0FLDWKJDM,CASETiFY for iPhone 15 Pro Max Case - Compact Compatible wit,1
B0CC1F7SDR,"ESR for iPhone 15 Pro Max Case Flex Stand, for MagSafe, Clea",phone case,B0CC1FTGMB,"ESR for iPhone 15 Case for MagSafe, Anti-Yellowing, Clear",0
B0CC1F7SDR,"ESR for iPhone 15 Pro Max Case Flex Stand, for MagSafe, Clea",phone case,B099JVC9HL,"ESR for iPhone 14/13 Case for MagSafe, Anti-Yellowing, Clear",0
B0CC1F7SDR,"ESR for iPhone 15 Pro Max Case Flex Stand, for MagSafe, Clea",phone case,B0CDZJJC48,kate spade new york iPhone 15 Pro Case - Tortoiseshell,0
B0CC1F7SDR,"ESR for iPhone 15 Pro Max Case Flex Stand, for MagSafe, Clea",phone case,B0CGCH8223,"OtterBox iPhone 16e, 15, iPhone 14, and iPhone 13 Symmetry S",0
B0CC1F7SDR,"ESR for iPhone 15 Pro Max Case Flex Stand, for MagSafe, Clea",phone case,B0DFH8SNK5,"FNTCASE for iPhone 15/14/13 Case, Fit for Magsafe, Glass Scr",0
B0CMM89Y6Z,Liphisy 64” Tripod for Cell Phone & Camera with Remote and P,phone stand,B0DXFFY4YV,"71” Phone Tripod & Selfie Stick, Portable All in One Extenda",1
B0CMM89Y6Z,Liphisy 64” Tripod for Cell Phone & Camera with Remote and P,phone stand,B09TQY66NH,"SENSYNE 62"" Phone Tripod, Extendable Selfie Stick with Wirel",1
B0CMM89Y6Z,Liphisy 64” Tripod for Cell Phone & Camera with Remote and P,phone stand,B0FB349R8G,"VIMOSE 66"" Phone Tripod, Tripod for iPhone with Remote & Pho",1
B0CMM89Y6Z,Liphisy 64” Tripod for Cell Phone & Camera with Remote and P,phone stand,B0C6LNFHTP,UBeesize 92’’ Cell Phone Tripod Stand with 16.5’’ Gooseneck ,1
B0CMM89Y6Z,Liphisy 64” Tripod for Cell Phone & Camera with Remote and P,phone stand,B0GLYVY43Y,"USKEYVISION 69"" Magnetic Tripod for iPhone with Magnetic Lig",1
B0FMB4ZY6F,"Belkin Qi2.2 25W Wireless Fast Charging Station, 3 in 1 iPho",portable charger,B0FMB7M8JB,Belkin Qi2.2 25W Wireless 3 in 1 Foldable Fast Charging Stat,1
B0FMB4ZY6F,"Belkin Qi2.2 25W Wireless Fast Charging Station, 3 in 1 iPho",portable charger,B0DL86NC5Z,"Belkin Qi2 15W Wireless Charging Station, 3 in 1 iPhone Char",1
B0FMB4ZY6F,"Belkin Qi2.2 25W Wireless Fast Charging Station, 3 in 1 iPho",portable charger,B0FBQZ5CYD,"Belkin Qi2 15W Wireless Fast Charging Station, 3 in 1 iPhone",1
B0FMB4ZY6F,"Belkin Qi2.2 25W Wireless Fast Charging Station, 3 in 1 iPho",portable charger,B0GGPBR4YP,MagSafe 25W Wireless Charger for Apple Magnetic Fast Chargin,1
B0FMB4ZY6F,"Belkin Qi2.2 25W Wireless Fast Charging Station, 3 in 1 iPho",portable charger,B0H9QF7FYV,3 in 1 Magnetic Wireless Charging Station Foldable Stand for,1
B0DY2SWV16,WHOOP 5.0/MG Activity Tracker - 12 Month Membership - Health,smartwatch,B0GRWVNYPN,"WHOOP 5.0/MG Navigator Band, Rugged Outdoor Performance Acce",1
B0DY2SWV16,WHOOP 5.0/MG Activity Tracker - 12 Month Membership - Health,smartwatch,B0DYJKTHYF,"Amazfit Bip 6 Smart Watch, 1.97"" AMOLED Display, GPS, iOS/An",1
B0DY2SWV16,WHOOP 5.0/MG Activity Tracker - 12 Month Membership - Health,smartwatch,B0CG6NBJ61,"Garmin vívoactive® 5, Health & Fitness GPS Smartwatch, 42mm,",1
B0DY2SWV16,WHOOP 5.0/MG Activity Tracker - 12 Month Membership - Health,smartwatch,B0CG6NR413,"Garmin vívoactive® 5, Health & Fitness GPS Smartwatch, 42mm,",1
B0DY2SWV16,WHOOP 5.0/MG Activity Tracker - 12 Month Membership - Health,smartwatch,B0CPLT23TZ,"Smart Watches for Men Android & iPhone, 1.8"" HD Alexa Built-",0
B0DY2SWV16,WHOOP 5.0/MG Activity Tracker - 12 Month Membership - Health,smartwatch,B0FSKL8NH1,"Smart Watch for Women, 1.85"" HD Smartwatch (Answer/Make Call",0
B0DY2SWV16,WHOOP 5.0/MG Activity Tracker - 12 Month Membership - Health,smartwatch,B0HDN4SV8F,"Smart Watch for Men Women, 1.83"" HD Touchscreen Fitness Trac",0
B0DY2SWV16,WHOOP 5.0/MG Activity Tracker - 12 Month Membership - Health,smartwatch,B0H94JPT4S,"Smart Watch for Women, Bluetooth Answer/Make Calls, 1.83""HD ",0
B0DY2SWV16,WHOOP 5.0/MG Activity Tracker - 12 Month Membership - Health,smartwatch,B0FWR4VJ87,"Smart Watch for Men Women (Answer/Make Call), 1.83"" HD Touch",0
B06XW1JQ1L,Reebok Club C 85 Tennis Shoes for Women - Casual Womens Snea,sneakers,B093WB7PZV,"Reebok Club C 85 Vintage Tennis Sneakers for Women, Casual W",1
B06XW1JQ1L,Reebok Club C 85 Tennis Shoes for Women - Casual Womens Snea,sneakers,B0G4XB3L4M,Reebok Womens Club C Double Revenge Platform Tennis Shoes fo,1
B06XW1JQ1L,Reebok Club C 85 Tennis Shoes for Women - Casual Womens Snea,sneakers,B000X1OOBW,Reebok Women's Freestyle Hi High Top Basketball Sneakers,1
B06XW1JQ1L,Reebok Club C 85 Tennis Shoes for Women - Casual Womens Snea,sneakers,B077ZNKJ3Z,"Reebok Royal BB4500 Hi2 High Top Shoes for Men, Athletic Men",0
B06XW1JQ1L,Reebok Club C 85 Tennis Shoes for Women - Casual Womens Snea,sneakers,B077ZF7B7R,"Reebok Royal BB4500 Hi2 High Top Shoes for Men, Athletic Men",0
B06XW1JQ1L,Reebok Club C 85 Tennis Shoes for Women - Casual Womens Snea,sneakers,B0F2G217VL,Running Shoes for Men Womens Tennis Gym Walking Slip On Spor,1
B0FWJFFRJH,Polarized Round Sunglasses for Women Men with UV Protection,sunglasses,B0GVN98BP7,Sunglasses-Womens Polarized Sunglasses for Women-with UV Pro,1
B0FWJFFRJH,Polarized Round Sunglasses for Women Men with UV Protection,sunglasses,B0BKGPYDSZ,JASPIN Rectangle Sunglasses for Women Men Y2k Sun Glasses UV,1
B0FWJFFRJH,Polarized Round Sunglasses for Women Men with UV Protection,sunglasses,B0DFYHDMT2,GUVIVI Retro Oval Sunglasses for Women 90s Cat Eye Shades UV,1
B0FWJFFRJH,Polarized Round Sunglasses for Women Men with UV Protection,sunglasses,B01BU1S5HC,Oakley Unstoppable OO9191 Rectangle Sunglasses for Women,0
B0FWJFFRJH,Polarized Round Sunglasses for Women Men with UV Protection,sunglasses,B0C7KYKTL5,Square Polarized Sunglasses for Men and Women Lightweight Fr,1
B0FWJFFRJH,Polarized Round Sunglasses for Women Men with UV Protection,sunglasses,B0F5GQQKG7,Sunglasses-women Polarized Sunglasses-womens: Trendy Sun Gla,1
B0FWJFFRJH,Polarized Round Sunglasses for Women Men with UV Protection,sunglasses,B0F28L2J8G,"Polarized Sports Sunglasses for Men Women, UV400 Protection ",1
B0FWJFFRJH,Polarized Round Sunglasses for Women Men with UV Protection,sunglasses,B0F9L7N1FY,Sunglasses-Men Polarized Mens Sunglasses: Classic Women Sun ,1
B07NHW8Z3N,Kingsted Mens T-Shirts - Super Soft & Comfy Cotton Blend Cla,t-shirt,B0G4RRS5BP,COOFANDY Men's Polo Shirts Short Sleeve Cotton Pique Casual ,0
B07NHW8Z3N,Kingsted Mens T-Shirts - Super Soft & Comfy Cotton Blend Cla,t-shirt,B0H3KB5CDG,COOFANDY Men's T Shirts Long Sleeve Cotton Blend T-Shirts Cr,1
B07NHW8Z3N,Kingsted Mens T-Shirts - Super Soft & Comfy Cotton Blend Cla,t-shirt,B09B4ML4HZ,Mens T Shirts Soft Cotton Crew Neck Athletic Fit Casual Tees,1
B07NHW8Z3N,Kingsted Mens T-Shirts - Super Soft & Comfy Cotton Blend Cla,t-shirt,B0H5QW4HQS,COOFANDY Mens Long Sleeve Tee Shirts Cotton Casual Basic T‑S,1
B07NHW8Z3N,Kingsted Mens T-Shirts - Super Soft & Comfy Cotton Blend Cla,t-shirt,B0CXJHCVHZ,"BJY Cotton Basic T Shirts for Women,Crew Neck Short Sleeve S",0
B07NHW8Z3N,Kingsted Mens T-Shirts - Super Soft & Comfy Cotton Blend Cla,t-shirt,B0BVFLK3YV,Trendy Queen Womens Short Sleeve T Shirt Buttery Soft Summer,0
B07NHW8Z3N,Kingsted Mens T-Shirts - Super Soft & Comfy Cotton Blend Cla,t-shirt,B0C1Z64LJR,Men's Cotton T-Shirts Oversized Unisex Short Sleeves Casual ,1
B07NHW8Z3N,Kingsted Mens T-Shirts - Super Soft & Comfy Cotton Blend Cla,t-shirt,B0GL2Q9SXV,"Men's Crew Neck T-Shirt, Regular Fit, 200 GSM Cotton Blend",1
B07NHW8Z3N,Kingsted Mens T-Shirts - Super Soft & Comfy Cotton Blend Cla,t-shirt,B0H7J63KND,COOFANDY Mens Long Sleeve T Shirt Cotton Blend Casual Tee Sh,1
B0C2HGLLM5,"ABOTOCUP 32oz Insulated Water Bottle Keep Cold 24h&Hot 12h, ",water bottle,B0FHPRCD75,"40oz Water Bottles Insulated with Straw,Leak Proof Water Bot",1
B0C2HGLLM5,"ABOTOCUP 32oz Insulated Water Bottle Keep Cold 24h&Hot 12h, ",water bottle,B0D2W136D1,"Fijinhom Insulated Water Bottle with Handle, 304 Stainless S",1
B0C2HGLLM5,"ABOTOCUP 32oz Insulated Water Bottle Keep Cold 24h&Hot 12h, ",water bottle,B0GT6RLPMF,"Insulated Stainless Steel Water Bottle, Leakproof, 32oz, Pat",1
B0C2HGLLM5,"ABOTOCUP 32oz Insulated Water Bottle Keep Cold 24h&Hot 12h, ",water bottle,B0DG36YPZM,Hydro Flask Water Bottle - Insulated Stainless Steel - Non S,1
B0C2HGLLM5,"ABOTOCUP 32oz Insulated Water Bottle Keep Cold 24h&Hot 12h, ",water bottle,B0BZRZGJDL,"40 oz Insulated Water Bottle with Straw, Stainless Steel Spo",1
B0C2HGLLM5,"ABOTOCUP 32oz Insulated Water Bottle Keep Cold 24h&Hot 12h, ",water bottle,B0CDL2V8KX,"Navigate 32oz Insulated Water Bottle for Sports, Keep Cold 2",1
B0C2HGLLM5,"ABOTOCUP 32oz Insulated Water Bottle Keep Cold 24h&Hot 12h, ",water bottle,B0DTP745KH,24 oz Insulated Water Bottle for Sports: Meoky Stainless Ste,1
B0DSPJPRXD,"EMEET C960 1080P Webcam with Microphone, 2 Mics, 90° FOV, Co",webcam HD,B07M6Y7355,"EMEET 1080P Webcam with Microphone, C960 Web Camera 2 Mics S",1
B0DSPJPRXD,"EMEET C960 1080P Webcam with Microphone, 2 Mics, 90° FOV, Co",webcam HD,B0CJHZ92P6,"EMEET C960 4K Webcam for PC, PDAF Auto Focus, Dual Omni Mics",1
B0DSPJPRXD,"EMEET C960 1080P Webcam with Microphone, 2 Mics, 90° FOV, Co",webcam HD,B0GK5WH85D,"1080P HD Webcam, USB Plug & Play Computer Camera, Auto Low-L",1
B0DSPJPRXD,"EMEET C960 1080P Webcam with Microphone, 2 Mics, 90° FOV, Co",webcam HD,B0GJD6PHTZ,Acer 1080p Webcam USB Plug and Play Webcam for PC with Noise,1
B0DSPJPRXD,"EMEET C960 1080P Webcam with Microphone, 2 Mics, 90° FOV, Co",webcam HD,B0GG3JNQGF,"Webcam for PC, HD 1080P USB Plug-and-Play Computer Web Camer",1
B0DSPJPRXD,"EMEET C960 1080P Webcam with Microphone, 2 Mics, 90° FOV, Co",webcam HD,B09DVGV7BH,Logitech C920e HD 1080p Mic Enabled Webcam Certified Zoom Mi,1
B0DSPJPRXD,"EMEET C960 1080P Webcam with Microphone, 2 Mics, 90° FOV, Co",webcam HD,B0G29MV7GK,"Webcam 1080P with Microphone & Privacy Cover for PC/Laptop, ",1
B0D2HJDH94,"Wireless Bluetooth 5.4 Earbuds, LED Power Display Headphones",wireless earbuds,B0H9LRGB3B,"Wireless Earbuds, Bluetooth 5.4 Ear Buds Bass Stereo, Headph",1
B0D2HJDH94,"Wireless Bluetooth 5.4 Earbuds, LED Power Display Headphones",wireless earbuds,B0H9LHWBDK,"Wireless Earbuds, 2026 Bluetooth 5.4 Headphones Bass Stereo ",1
B0D2HJDH94,"Wireless Bluetooth 5.4 Earbuds, LED Power Display Headphones",wireless earbuds,B0F4MZBZRH,"Wireless Earbuds, 2026 Bluetooth 5.4 Headphones Sport, 60Hrs",1
B0D2HJDH94,"Wireless Bluetooth 5.4 Earbuds, LED Power Display Headphones",wireless earbuds,B0FHWGB7FW,"Wireless Earbuds, Bluetooth 5.4 Headphones Bass Stereo/Clear",1
B0D2HJDH94,"Wireless Bluetooth 5.4 Earbuds, LED Power Display Headphones",wireless earbuds,B0FLJYT87N,"Hupoaf Wireless Earbuds Sport, NEW Bluetooth 5.4 Headphones ",1
B0D2HJDH94,"Wireless Bluetooth 5.4 Earbuds, LED Power Display Headphones",wireless earbuds,B0H8Y9LL1G,"Wireless Earbuds Bluetooth Headphones, 54H Playtime Stereo O",1
B0D2HJDH94,"Wireless Bluetooth 5.4 Earbuds, LED Power Display Headphones",wireless earbuds,B0H6ZWLNZ3,"Wireless Earbuds with Smart Touchscreen Case, Bluetooth 6.0 ",1
B000RVYMWE,"Yamaha GL1 Guitalele, Natural, Baritone",yamaha acoustic guitar,B001U0OWTO,"HOHNER 6 String Acoustic Guitar, Right Handed, Natural (HAG2",1
B000RVYMWE,"Yamaha GL1 Guitalele, Natural, Baritone",yamaha acoustic guitar,B0H12BW67D,"Pyle 36-Inch Beginner Classical Acoustic Guitar Kit, 3/4 Siz",1
B000RVYMWE,"Yamaha GL1 Guitalele, Natural, Baritone",yamaha acoustic guitar,B0B7NGBTKH,"Vangoa Classical Guitar 3/4 Inch Acoustic Classical Guitar, ",1
B000RVYMWE,"Yamaha GL1 Guitalele, Natural, Baritone",yamaha acoustic guitar,B0CSM2MJ55,"Fender FA-25N 3/4 Nylon String Acoustic Guitar, Beginner Gui",1
B000RVYMWE,"Yamaha GL1 Guitalele, Natural, Baritone",yamaha acoustic guitar,B0H4HT65QL,"Pyle 34-Inch Beginner Classical Guitar Kit, 1/2 Size Junior ",1
B000RVYMWE,"Yamaha GL1 Guitalele, Natural, Baritone",yamaha acoustic guitar,B00009J580,"Yamaha JR1 FG Junior 3/4 Size Acoustic Guitar, Natural",1
B000RVYMWE,"Yamaha GL1 Guitalele, Natural, Baritone",yamaha acoustic guitar,B004BXLVO6,"Pyle 30-Inch Beginner Acoustic Guitar Kit, 6-String Classica",1
B000RVYMWE,"Yamaha GL1 Guitalele, Natural, Baritone",yamaha acoustic guitar,B0DJPYN19Z,"Pyle Beginner Acoustic Guitar Kit, 1/4 Junior Size All Wood ",1
B000RVYMWE,"Yamaha GL1 Guitalele, Natural, Baritone",yamaha acoustic guitar,B0014D8GTY,YAMAHA / FS-530 Medium Yamaha Acoustic Guitar Strings [1set],0
B000RVYMWE,"Yamaha GL1 Guitalele, Natural, Baritone",yamaha acoustic guitar,B0CW6KY2ZK,"Pyle Beginner Acoustic Guitar Kit, 1/4 Junior Size All Wood ",1
