timestamp,request_type,url,status_code,outcome,note
2026-08-27T01:45:20,search,https://amazon.com/s?k=test,200,success,test entry
2026-08-27T01:52:31,search,https://amazon.com/s?k=test,200,success,test entry
2026-08-27T11:58:47,search,https://www.amazon.com/s?k=usb+c+hub,,success,
2026-08-27T11:59:09,product,https://www.amazon.com/dp/B0GXZ62GF8,,success,
2026-08-27T11:59:25,product,https://www.amazon.com/dp/B0FSKZ7TFG,,success,
2026-08-27T11:59:41,product,https://www.amazon.com/dp/B0BR3M8XHK,,success,
2026-08-27T12:01:49,search,https://www.amazon.com/s?k=usb+c+hub,,success,
2026-08-27T12:02:37,search,https://www.amazon.com/s?k=usb+c+hub,,success,
2026-08-27T12:02:53,product,https://www.amazon.com/dp/B0GXZ62GF8,,success,
2026-08-27T12:03:11,product,https://www.amazon.com/dp/B0FSKZ7TFG,,success,
2026-08-27T12:03:29,product,https://www.amazon.com/dp/B0BR3M8XHK,,success,
2026-08-27T16:26:37,search,https://www.amazon.com/s?k=usb+c+hub,,success,
2026-08-27T16:27:07,product,https://www.amazon.com/dp/B0GXZ62GF8,,success,
2026-08-27T16:27:27,product,https://www.amazon.com/dp/B0DT6Z3R4F,,success,
2026-08-27T16:27:44,product,https://www.amazon.com/dp/B0DXJQT19B,,success,
2026-08-27T16:28:00,product,https://www.amazon.com/dp/B0BR3M8XHK,,success,
2026-08-27T16:28:18,product,https://www.amazon.com/dp/B0DKT8BB4M,,success,
2026-08-27T16:28:36,product,https://www.amazon.com/dp/B0CSYYKB97,,success,
2026-08-27T16:28:56,product,https://www.amazon.com/dp/B0BV45B8JB,,success,
2026-08-27T16:29:17,product,https://www.amazon.com/dp/B0D1XLNWP2,,success,
2026-08-27T16:29:35,product,https://www.amazon.com/dp/B0F5HSNDXF,,success,
2026-08-27T16:29:51,product,https://www.amazon.com/dp/B0BY27XSJ3,,success,
2026-08-27T16:30:12,product,https://www.amazon.com/dp/B0G11F8FHR,,success,
2026-08-27T16:30:30,product,https://www.amazon.com/dp/B0FRZLHPS3,,success,
2026-08-27T16:30:51,product,https://www.amazon.com/dp/B0874M3KW4,,success,
2026-08-27T16:31:07,product,https://www.amazon.com/dp/B087QZVQJX,,success,
2026-08-27T16:31:22,product,https://www.amazon.com/dp/B0DT43J5KY,,success,
2026-08-27T16:31:43,product,https://www.amazon.com/dp/B0BW2TLQ8S,,success,
2026-08-27T16:32:01,product,https://www.amazon.com/dp/B0F5Q6P3G3,,success,
2026-08-27T16:32:17,product,https://www.amazon.com/dp/B0CR6JBJDH,,success,
2026-08-27T16:32:34,product,https://www.amazon.com/dp/B088F7SY6S,,success,
2026-08-27T16:32:56,product,https://www.amazon.com/dp/B0DY15GFNG,,success,
2026-08-27T16:33:11,product,https://www.amazon.com/dp/B0CN3F9Y1Z,,success,
2026-08-27T16:33:33,product,https://www.amazon.com/dp/B0GLJ4P85L,,success,
2026-08-27T16:41:37,search,https://www.amazon.com/s?k=usb+c+hub,,success,
2026-08-27T16:43:55,search,https://www.amazon.com/s?k=usb+c+hub,,success,
2026-08-27T16:44:16,product,https://www.amazon.com/dp/B0GXZ62GF8,,success,
2026-08-27T16:44:33,product,https://www.amazon.com/dp/B0DT6Z3R4F,,success,
2026-08-27T16:44:54,product,https://www.amazon.com/dp/B0DXJQT19B,,success,
2026-08-27T16:45:13,product,https://www.amazon.com/dp/B0BR3M8XHK,,success,
2026-08-27T16:45:28,product,https://www.amazon.com/dp/B0DKT8BB4M,,success,
2026-08-27T16:45:47,product,https://www.amazon.com/dp/B0CSYYKB97,,success,
2026-08-27T16:46:04,product,https://www.amazon.com/dp/B0F5Q6P3G3,,success,
2026-08-27T16:46:24,product,https://www.amazon.com/dp/B0D1XLNWP2,,success,
2026-08-27T16:46:40,product,https://www.amazon.com/dp/B0F5HSNDXF,,success,
2026-08-27T16:46:56,product,https://www.amazon.com/dp/B0BY27XSJ3,,success,
2026-08-27T16:47:12,product,https://www.amazon.com/dp/B0G11F8FHR,,success,
2026-08-27T16:47:31,product,https://www.amazon.com/dp/B0C61LYRY5,,success,
2026-08-27T16:47:48,product,https://www.amazon.com/dp/B087QZVQJX,,success,
2026-08-27T16:48:01,product,https://www.amazon.com/dp/B0DT43J5KY,,success,
2026-08-27T16:48:18,product,https://www.amazon.com/dp/B0BW2TLQ8S,,success,
2026-08-27T16:48:33,product,https://www.amazon.com/dp/B0CR6JBJDH,,success,
2026-08-27T16:48:50,product,https://www.amazon.com/dp/B0BV45B8JB,,success,
2026-08-27T16:49:10,product,https://www.amazon.com/dp/B0874M3KW4,,success,
2026-08-27T16:49:29,product,https://www.amazon.com/dp/B0DY15GFNG,,success,
2026-08-27T16:49:48,product,https://www.amazon.com/dp/B0CN3F9Y1Z,,success,
2026-08-27T16:50:10,product,https://www.amazon.com/dp/B088F7SY6S,,success,
2026-08-27T16:50:26,product,https://www.amazon.com/dp/B0FRZLHPS3,,success,
2026-08-28T01:59:55,search,https://www.amazon.com/s?k=wireless+earbuds,,success,
2026-08-28T02:00:02,search,https://www.amazon.com/s?k=gaming+mouse,,success,
2026-08-28T02:00:21,product,https://www.amazon.com/dp/B09C13PZX7,,success,
2026-08-28T02:00:39,product,https://www.amazon.com/dp/B0G12HGHGM,,success,
2026-08-28T02:00:55,product,https://www.amazon.com/dp/B0H3ZSLTFK,,success,
2026-08-28T02:01:12,product,https://www.amazon.com/dp/B094PS5RZQ,,success,
2026-08-28T02:01:25,product,https://www.amazon.com/dp/B0BXBC26X8,,success,
2026-08-28T02:01:42,product,https://www.amazon.com/dp/B011HMDZ0Q,,success,
2026-08-28T02:01:59,product,https://www.amazon.com/dp/B0CF4DJM7F,,success,
2026-08-28T02:02:16,product,https://www.amazon.com/dp/B0F1D7P51F,,success,
2026-08-28T02:02:34,product,https://www.amazon.com/dp/B0CCF6J2Q6,,success,
2026-08-28T02:02:54,product,https://www.amazon.com/dp/B0GZY5VR22,,success,
2026-08-28T02:03:10,product,https://www.amazon.com/dp/B0H4SBT4SH,,success,
2026-08-28T02:03:24,product,https://www.amazon.com/dp/B0G4V76JFT,,success,
2026-08-28T02:03:39,product,https://www.amazon.com/dp/B0CW25XR5R,,success,
2026-08-28T02:03:56,product,https://www.amazon.com/dp/B092CB69Q4,,success,
2026-08-28T02:04:16,product,https://www.amazon.com/dp/B09NBWL8J5,,success,
2026-08-28T02:04:31,product,https://www.amazon.com/dp/B0CF4L9LPR,,success,
2026-08-28T02:04:38,search,https://www.amazon.com/s?k=USB-C+hub,,success,
2026-08-28T02:04:57,product,https://www.amazon.com/dp/B0BR3M8XHK,,success,
2026-08-28T02:05:16,product,https://www.amazon.com/dp/B0DPZKCM5M,,success,
2026-08-28T02:05:33,product,https://www.amazon.com/dp/B0DXJQT19B,,success,
2026-08-28T02:05:52,product,https://www.amazon.com/dp/B0DKT8BB4M,,success,
2026-08-28T02:06:12,product,https://www.amazon.com/dp/B0BR3M8XHK,,success,
2026-08-28T02:06:36,product,https://www.amazon.com/dp/B0G11F8FHR,,success,
2026-08-28T02:06:52,product,https://www.amazon.com/dp/B0H4GTDSNV,,success,
2026-08-28T02:07:09,product,https://www.amazon.com/dp/B0F5HSNDXF,,success,
2026-08-28T02:07:27,product,https://www.amazon.com/dp/B0CR6JBJDH,,success,
2026-08-28T02:07:43,product,https://www.amazon.com/dp/B0BY27XSJ3,,success,
2026-08-28T02:07:58,product,https://www.amazon.com/dp/B0D1XLNWP2,,success,
2026-08-28T02:08:16,product,https://www.amazon.com/dp/B0GXZ62GF8,,success,
2026-08-28T02:08:31,product,https://www.amazon.com/dp/B0BW2TLQ8S,,success,
2026-08-28T02:08:48,product,https://www.amazon.com/dp/B0CSYYKB97,,success,
2026-08-28T02:09:05,product,https://www.amazon.com/dp/B09T9PXW35,,success,
2026-08-28T02:09:23,product,https://www.amazon.com/dp/B0G13RQ2SZ,,success,
2026-08-28T02:09:42,product,https://www.amazon.com/dp/B0H6Z693PK,,success,
2026-08-28T02:09:57,product,https://www.amazon.com/dp/B0874M3KW4,,success,
2026-08-28T02:10:14,product,https://www.amazon.com/dp/B087QZVQJX,,success,
2026-08-28T02:10:33,product,https://www.amazon.com/dp/B0DY15GFNG,,success,
2026-08-28T02:10:49,product,https://www.amazon.com/dp/B0H4GTDSNV,,success,
2026-08-28T02:11:08,product,https://www.amazon.com/dp/B0DT6Z3R4F,,success,
2026-08-28T02:11:15,search,https://www.amazon.com/s?k=mechanical+keyboard,,success,
2026-08-28T02:11:31,product,https://www.amazon.com/dp/B0D14N2QZF,,success,
2026-08-28T02:11:49,product,https://www.amazon.com/dp/B08Z6X4NK3,,success,
2026-08-28T02:12:03,product,https://www.amazon.com/dp/B0GR4JW87K,,success,
2026-08-28T02:12:21,product,https://www.amazon.com/dp/B0CF3VGQFL,,success,
2026-08-28T02:12:41,product,https://www.amazon.com/dp/B0G3PTHM36,,success,
2026-08-28T02:12:59,product,https://www.amazon.com/dp/B09LK1P1RD,,success,
2026-08-28T02:13:16,product,https://www.amazon.com/dp/B0CLLHSWRL,,success,
2026-08-28T02:13:33,product,https://www.amazon.com/dp/B0DBZGH5XM,,success,
2026-08-28T02:13:48,product,https://www.amazon.com/dp/B0C8QYB8W6,,success,
2026-08-28T02:14:05,product,https://www.amazon.com/dp/B09TR4Y91J,,success,
2026-08-28T02:14:23,product,https://www.amazon.com/dp/B0DZ28ZGYL,,success,
2026-08-28T02:14:40,product,https://www.amazon.com/dp/B0CLH89X2K,,success,
2026-08-28T02:14:57,product,https://www.amazon.com/dp/B0DWMX5TXV,,success,
2026-08-28T02:15:13,product,https://www.amazon.com/dp/B0CQ2MSP2B,,success,
2026-08-28T02:15:33,product,https://www.amazon.com/dp/B07ZGDD6B1,,success,
2026-08-28T02:15:47,product,https://www.amazon.com/dp/B0DT43NNNF,,success,
2026-08-28T02:15:54,search,https://www.amazon.com/s?k=smartwatch,,success,
2026-08-28T02:16:14,product,https://www.amazon.com/dp/B0DY2SWV16,,success,
2026-08-28T02:16:32,product,https://www.amazon.com/dp/B0F94LH1PR,,success,
2026-08-28T02:16:50,product,https://www.amazon.com/dp/B0HDN4SV8F,,success,
2026-08-28T02:17:05,product,https://www.amazon.com/dp/B0CG6NR413,,success,
2026-08-28T02:17:23,product,https://www.amazon.com/dp/B0GN13YX11,,success,
2026-08-28T02:17:41,product,https://www.amazon.com/dp/B0CG6NBJ61,,success,
2026-08-28T02:17:59,product,https://www.amazon.com/dp/B0F7PS35R2,,success,
2026-08-28T02:18:17,product,https://www.amazon.com/dp/B0FWR4VJ87,,success,
2026-08-28T02:18:35,product,https://www.amazon.com/dp/B0DYJKTHYF,,success,
2026-08-28T02:18:52,product,https://www.amazon.com/dp/B0HBQ5M712,,success,
2026-08-28T02:19:07,product,https://www.amazon.com/dp/B0H94JPT4S,,success,
2026-08-28T02:19:25,product,https://www.amazon.com/dp/B0H1D46MPG,,success,
2026-08-28T02:19:41,product,https://www.amazon.com/dp/B0D7VG4754,,success,
2026-08-28T02:19:57,product,https://www.amazon.com/dp/B092RCLKHN,,success,
2026-08-28T02:20:14,product,https://www.amazon.com/dp/B0FSKL8NH1,,success,
2026-08-28T02:20:33,product,https://www.amazon.com/dp/B0CTCLBST5,,success,
2026-08-28T02:20:50,product,https://www.amazon.com/dp/B0H1DGNYK2,,success,
2026-08-28T02:21:08,product,https://www.amazon.com/dp/B0G4F6ZCSV,,success,
2026-08-28T02:21:24,product,https://www.amazon.com/dp/B0F7QD4HSD,,success,
2026-08-28T02:21:42,product,https://www.amazon.com/dp/B0CW3VWC3X,,success,
2026-08-28T02:21:58,product,https://www.amazon.com/dp/B0F8QZ7233,,success,
2026-08-28T02:22:13,product,https://www.amazon.com/dp/B0G4D8ZYTZ,,success,
2026-08-28T02:22:20,search,https://www.amazon.com/s?k=phone+case,,success,
2026-08-28T02:22:39,product,https://www.amazon.com/dp/B0CGCMS31N,,success,
2026-08-28T02:22:56,product,https://www.amazon.com/dp/B0D9VS4PV7,,success,
2026-08-28T02:23:13,product,https://www.amazon.com/dp/B0H89NWKF4,,success,
2026-08-28T02:23:27,product,https://www.amazon.com/dp/B0DFH8SNK5,,success,
2026-08-28T02:23:43,product,https://www.amazon.com/dp/B0FGC514QH,,success,
2026-08-28T02:23:58,product,https://www.amazon.com/dp/B0CFVDX4HT,,success,
2026-08-28T02:24:14,product,https://www.amazon.com/dp/B0H5538C82,,success,
2026-08-28T02:24:32,product,https://www.amazon.com/dp/B0DH22XH5Y,,success,
2026-08-28T02:24:46,product,https://www.amazon.com/dp/B08DY8GJN4,,success,
2026-08-28T02:25:02,product,https://www.amazon.com/dp/B0DB1B3GH6,,success,
2026-08-28T02:25:19,product,https://www.amazon.com/dp/B099JVC9HL,,success,
2026-08-28T02:25:38,product,https://www.amazon.com/dp/B01K6PAZ1M,,success,
2026-08-28T02:25:55,product,https://www.amazon.com/dp/B0FLQ85BVG,,success,
2026-08-28T02:26:11,product,https://www.amazon.com/dp/B09D51Z5TR,,success,
2026-08-28T02:26:31,product,https://www.amazon.com/dp/B0CC1F5CGH,,success,
2026-08-28T02:26:46,product,https://www.amazon.com/dp/B0CC1FTGMB,,success,
2026-08-28T02:26:54,search,https://www.amazon.com/s?k=portable+charger,,success,
2026-08-28T02:27:11,product,https://www.amazon.com/dp/B0FMC78BGQ,,success,
2026-08-28T02:27:29,product,https://www.amazon.com/dp/B0FBQZ5CYD,,success,
2026-08-28T02:27:44,product,https://www.amazon.com/dp/B0FZKHPH2K,,success,
2026-08-28T02:28:17,product,https://www.amazon.com/dp/B0DQSMZ517,,success,
2026-08-28T02:28:33,product,https://www.amazon.com/dp/B0DZ1TGX6T,,success,
2026-08-28T02:28:52,product,https://www.amazon.com/dp/B0DY18FS5B,,success,
2026-08-28T02:29:08,product,https://www.amazon.com/dp/B0H6X5X1HH,,success,
2026-08-28T02:29:28,product,https://www.amazon.com/dp/B0CXHNGDC1,,success,
2026-08-28T02:29:40,product,https://www.amazon.com/dp/B0FTL9CR3T,,success,
2026-08-28T02:29:58,product,https://www.amazon.com/dp/B0G4FQ6CZT,,success,
2026-08-28T02:30:18,product,https://www.amazon.com/dp/B0GGPBR4YP,,success,
2026-08-28T02:30:35,product,https://www.amazon.com/dp/B0FMC3PW5W,,success,
2026-08-28T02:30:49,product,https://www.amazon.com/dp/B0BXN2J619,,success,
2026-08-28T02:31:03,product,https://www.amazon.com/dp/B0BN81XGG7,,success,
2026-08-28T02:31:18,product,https://www.amazon.com/dp/B071FJ2FBX,,success,
2026-08-28T02:31:34,product,https://www.amazon.com/dp/B07W46BX31,,success,
2026-08-28T02:31:53,product,https://www.amazon.com/dp/B0DL86NC5Z,,success,
2026-08-28T02:32:08,product,https://www.amazon.com/dp/B07W3QT226,,success,
2026-08-28T02:32:26,product,https://www.amazon.com/dp/B07W8KJH44,,success,
2026-08-28T02:32:43,product,https://www.amazon.com/dp/B0C8HHV9DK,,success,
2026-08-28T02:33:03,product,https://www.amazon.com/dp/B0FHNZJJV4,,success,
2026-08-28T02:33:20,product,https://www.amazon.com/dp/B0DY7TT3VD,,success,
2026-08-28T02:33:27,search,https://www.amazon.com/s?k=webcam+HD,,success,
2026-08-28T02:33:45,product,https://www.amazon.com/dp/B0H48V9BDW,,success,
2026-08-28T02:34:03,product,https://www.amazon.com/dp/B085TFF7M1,,success,
2026-08-28T02:34:16,product,https://www.amazon.com/dp/B0DSPJPRXD,,success,
2026-08-28T02:34:31,product,https://www.amazon.com/dp/B07K986YLL,,success,
2026-08-28T02:34:50,product,https://www.amazon.com/dp/B0BFJ4CRKD,,success,
2026-08-28T02:35:08,product,https://www.amazon.com/dp/B0CY2C7H6S,,success,
2026-08-28T02:35:28,product,https://www.amazon.com/dp/B0CJHZ92P6,,success,
2026-08-28T02:35:43,product,https://www.amazon.com/dp/B08VJ25PL1,,success,
2026-08-28T02:36:01,product,https://www.amazon.com/dp/B07M6Y7355,,success,
2026-08-28T02:36:18,product,https://www.amazon.com/dp/B0F21J9J7V,,success,
2026-08-28T02:36:32,product,https://www.amazon.com/dp/B0CQJVSL1Z,,success,
2026-08-28T02:36:49,product,https://www.amazon.com/dp/B09DVGV7BH,,success,
2026-08-28T02:37:07,product,https://www.amazon.com/dp/B0GXT9CXT1,,success,
2026-08-28T02:37:20,product,https://www.amazon.com/dp/B0GJD6PHTZ,,success,
2026-08-28T02:37:38,product,https://www.amazon.com/dp/B0G29MV7GK,,success,
2026-08-28T02:37:52,product,https://www.amazon.com/dp/B0HFNQ2SVZ,,success,
2026-08-28T02:38:00,search,https://www.amazon.com/s?k=desk+lamp+LED,,success,
2026-08-28T02:38:21,product,https://www.amazon.com/dp/B0C4JTPPYY,,success,
2026-08-28T02:38:39,product,https://www.amazon.com/dp/B0BB5ZBT42,,success,
2026-08-28T02:38:59,product,https://www.amazon.com/dp/B0BRCJL4MM,,success,
2026-08-28T02:39:14,product,https://www.amazon.com/dp/B0F22BR222,,success,
2026-08-28T02:39:29,product,https://www.amazon.com/dp/B0GXV4S23L,,success,
2026-08-28T02:39:44,product,https://www.amazon.com/dp/B0CRY97FPB,,success,
2026-08-28T02:40:02,product,https://www.amazon.com/dp/B08SK4DMHR,,success,
2026-08-28T02:40:18,product,https://www.amazon.com/dp/B0FCS5W2WL,,success,
2026-08-28T02:40:32,product,https://www.amazon.com/dp/B0D2LGK82V,,success,
2026-08-28T02:40:50,product,https://www.amazon.com/dp/B0FG7XJWLM,,success,
2026-08-28T02:41:06,product,https://www.amazon.com/dp/B0BNHNG5CY,,success,
2026-08-28T02:41:24,product,https://www.amazon.com/dp/B0F5BH3Z9T,,success,
2026-08-28T02:41:39,product,https://www.amazon.com/dp/B0BR5JHB3Z,,success,
2026-08-28T02:41:55,product,https://www.amazon.com/dp/B0D41XL87F,,success,
2026-08-28T02:42:11,product,https://www.amazon.com/dp/B0D4DG2CG2,,success,
2026-08-28T02:42:27,product,https://www.amazon.com/dp/B09YV633PL,,success,
2026-08-28T02:42:45,product,https://www.amazon.com/dp/B0DQTRH3V4,,success,
2026-08-28T02:42:59,product,https://www.amazon.com/dp/B0FRS7SVR7,,success,
2026-08-28T02:43:20,product,https://www.amazon.com/dp/B08DKQ3JG1,,success,
2026-08-28T02:43:34,product,https://www.amazon.com/dp/B0868HY623,,success,
2026-08-28T02:43:52,product,https://www.amazon.com/dp/B0D1DLY4H4,,success,
2026-08-28T02:44:10,product,https://www.amazon.com/dp/B00KSQ8ZNA,,success,
2026-08-28T02:44:24,product,https://www.amazon.com/dp/B0C3M87K71,,success,
2026-08-28T02:44:42,product,https://www.amazon.com/dp/B0D1KHCHZP,,success,
2026-08-28T02:44:56,product,https://www.amazon.com/dp/B0G7RDYJFY,,success,
2026-08-28T02:45:12,product,https://www.amazon.com/dp/B0CZMPX2PW,,success,
2026-08-28T02:45:29,product,https://www.amazon.com/dp/B0CNZS9RRB,,success,
2026-08-28T02:45:45,product,https://www.amazon.com/dp/B0F1XKYJFD,,success,
2026-08-28T02:45:58,product,https://www.amazon.com/dp/B0CJM6WYZ8,,success,
2026-08-28T02:46:15,product,https://www.amazon.com/dp/B0G6KNJH1Z,,success,
2026-08-28T02:46:32,product,https://www.amazon.com/dp/B0GT9BR934,,success,
2026-08-28T02:46:47,product,https://www.amazon.com/dp/B0D1QY8PL6,,success,
2026-08-28T02:47:03,product,https://www.amazon.com/dp/B0C7H3MSVJ,,success,
2026-08-28T02:47:21,product,https://www.amazon.com/dp/B0GCHK16ZH,,success,
2026-08-28T02:47:40,product,https://www.amazon.com/dp/B0BBMK7RCF,,success,
2026-08-28T02:47:57,product,https://www.amazon.com/dp/B0CQ3ZGKP3,,success,
2026-08-28T02:48:13,product,https://www.amazon.com/dp/B0G7SSHT9F,,success,
2026-08-28T02:48:31,product,https://www.amazon.com/dp/B0F6DDHYVK,,success,
2026-08-28T02:48:43,product,https://www.amazon.com/dp/B0CDPLYPXB,,success,
2026-08-28T02:48:59,product,https://www.amazon.com/dp/B0CRB4K3DW,,success,
2026-08-28T02:49:15,product,https://www.amazon.com/dp/B0CRQX9R5H,,success,
2026-08-28T02:49:29,product,https://www.amazon.com/dp/B0BS17GYRM,,success,
2026-08-28T02:49:49,product,https://www.amazon.com/dp/B0GF1GYKW5,,success,
2026-08-28T02:50:07,product,https://www.amazon.com/dp/B08QCFV6ZJ,,success,
2026-08-28T02:50:22,product,https://www.amazon.com/dp/B0BB1SJ1B5,,success,
2026-08-28T02:50:35,product,https://www.amazon.com/dp/B0C7KFH3Y3,,success,
2026-08-28T02:50:51,product,https://www.amazon.com/dp/B0DP7C3XK9,,success,
2026-08-28T02:51:06,product,https://www.amazon.com/dp/B08BL9DWXJ,,success,
2026-08-28T02:51:13,search,https://www.amazon.com/s?k=air+purifier,,success,
2026-08-28T02:51:26,product,https://www.amazon.com/dp/B07VVK39F7,,success,
2026-08-28T02:51:42,product,https://www.amazon.com/dp/B09GTRVJQM,,success,
2026-08-28T02:52:02,product,https://www.amazon.com/dp/B0DCBC8KKV,,success,
2026-08-28T02:52:19,product,https://www.amazon.com/dp/B0BGPF71Q6,,success,
2026-08-28T02:52:37,product,https://www.amazon.com/dp/B0CXJ97TV1,,success,
2026-08-28T02:52:54,product,https://www.amazon.com/dp/B08FJ678YK,,success,
2026-08-28T02:53:07,product,https://www.amazon.com/dp/B0H7RPKQB4,,success,
2026-08-28T02:53:20,product,https://www.amazon.com/dp/B0B4ZSKPNL,,success,
2026-08-28T02:53:38,product,https://www.amazon.com/dp/B0BNDM2RNG,,success,
2026-08-28T02:53:53,product,https://www.amazon.com/dp/B09FJSJQ95,,success,
2026-08-28T02:54:12,product,https://www.amazon.com/dp/B0DJG1731C,,success,
2026-08-28T02:54:30,product,https://www.amazon.com/dp/B004VGIGVY,,success,
2026-08-28T02:54:45,product,https://www.amazon.com/dp/B08R794ZMX,,success,
2026-08-28T02:55:03,product,https://www.amazon.com/dp/B01728NLRG,,success,
2026-08-28T02:55:18,product,https://www.amazon.com/dp/B08KPJ76RR,,success,
2026-08-28T02:55:34,product,https://www.amazon.com/dp/B083TMWFSZ,,success,
2026-08-28T02:55:40,search,https://www.amazon.com/s?k=instant+pot,,success,
2026-08-28T02:55:57,product,https://www.amazon.com/dp/B00FLYWNYQ,,success,
2026-08-28T02:56:15,product,https://www.amazon.com/dp/B06Y1YD5W7,,success,
2026-08-28T02:56:29,product,https://www.amazon.com/dp/B08PQ2KWHS,,success,
2026-08-28T02:56:44,product,https://www.amazon.com/dp/B01NBKTPTS,,success,
2026-08-28T02:57:02,product,https://www.amazon.com/dp/B08PPZWNCV,,success,
2026-08-28T02:57:19,product,https://www.amazon.com/dp/B0F9B923NC,,success,
2026-08-28T02:57:38,product,https://www.amazon.com/dp/B01B1VC13K,,success,
2026-08-28T02:57:53,product,https://www.amazon.com/dp/B0BFX95J5P,,success,
2026-08-28T02:58:11,product,https://www.amazon.com/dp/B0C35HNPW9,,success,
2026-08-28T02:58:29,product,https://www.amazon.com/dp/B09MZTSSR2,,success,
2026-08-28T02:58:47,product,https://www.amazon.com/dp/B0DJFJFSZ5,,success,
2026-08-28T02:59:02,product,https://www.amazon.com/dp/B0F9BD5M2K,,success,
2026-08-28T02:59:17,product,https://www.amazon.com/dp/B0F9B9R5J9,,success,
2026-08-28T02:59:31,product,https://www.amazon.com/dp/B09MZTP44L,,success,
2026-08-28T02:59:49,product,https://www.amazon.com/dp/B07VT23JDM,,success,
2026-08-28T03:00:08,product,https://www.amazon.com/dp/B08TMTJZ8L,,success,
2026-08-28T03:00:16,search,https://www.amazon.com/s?k=electric+toothbrush,,success,
2026-08-28T03:00:30,product,https://www.amazon.com/dp/B09LD7WRVS,,success,
2026-08-28T03:00:44,product,https://www.amazon.com/dp/B01AKGRTUM,,success,
2026-08-28T03:00:59,product,https://www.amazon.com/dp/B09LD8VFS1,,success,
2026-08-28T03:01:12,product,https://www.amazon.com/dp/B003UKM9CO,,success,
2026-08-28T03:01:30,product,https://www.amazon.com/dp/B09LD8T445,,success,
2026-08-28T03:01:43,product,https://www.amazon.com/dp/B0B5HRWH1S,,success,
2026-08-28T03:02:02,product,https://www.amazon.com/dp/B09LD8VXLX,,success,
2026-08-28T03:02:19,product,https://www.amazon.com/dp/B07XF8NT4C,,success,
2026-08-28T03:02:33,product,https://www.amazon.com/dp/B0B5YPHMW8,,success,
2026-08-28T03:02:47,product,https://www.amazon.com/dp/B0D1DQ7BH9,,success,
2026-08-28T03:03:01,product,https://www.amazon.com/dp/B0D1DRYBTN,,success,
2026-08-28T03:03:14,product,https://www.amazon.com/dp/B0G3QTZV2L,,success,
2026-08-28T03:03:27,product,https://www.amazon.com/dp/B0G3RD2XVH,,success,
2026-08-28T03:03:46,product,https://www.amazon.com/dp/B0GQWSKBLD,,success,
2026-08-28T03:03:59,product,https://www.amazon.com/dp/B0G3QN4SFY,,success,
2026-08-28T03:04:16,product,https://www.amazon.com/dp/B0DLLGG2Z8,,success,
2026-08-28T03:04:32,product,https://www.amazon.com/dp/B0FRFW6VYR,,success,
2026-08-28T03:04:45,product,https://www.amazon.com/dp/B0B5HVM6JX,,success,
2026-08-28T03:05:02,product,https://www.amazon.com/dp/B07XG68WX2,,success,
2026-08-28T03:05:19,product,https://www.amazon.com/dp/B0D1DB1LXJ,,success,
2026-08-28T03:05:33,product,https://www.amazon.com/dp/B0CZL55GR7,,success,
2026-08-28T03:05:49,product,https://www.amazon.com/dp/B0G3QSHJCC,,success,
2026-08-28T03:06:07,product,https://www.amazon.com/dp/B0GQWRBPK1,,success,
2026-08-28T03:06:23,product,https://www.amazon.com/dp/B0B9RQJFDV,,success,
2026-08-28T03:06:39,product,https://www.amazon.com/dp/B084TM4XKG,,success,
2026-08-28T03:06:58,product,https://www.amazon.com/dp/B0FN3S7LKG,,success,
2026-08-28T03:07:16,product,https://www.amazon.com/dp/B0DNMLK6SC,,success,
2026-08-28T03:07:32,product,https://www.amazon.com/dp/B0GQW7WKGN,,success,
2026-08-28T03:07:46,product,https://www.amazon.com/dp/B07L5P2J8D,,success,
2026-08-28T03:08:04,product,https://www.amazon.com/dp/B008I2IKI6,,success,
2026-08-28T03:08:18,product,https://www.amazon.com/dp/B0DCCJZC9F,,success,
2026-08-28T03:08:32,product,https://www.amazon.com/dp/B0FWM4HWBM,,success,
2026-08-28T03:08:51,product,https://www.amazon.com/dp/B0B5HSNPNH,,success,
2026-08-28T03:09:06,product,https://www.amazon.com/dp/B0B5HT9TSK,,success,
2026-08-28T03:09:19,product,https://www.amazon.com/dp/B0G67KHJ47,,success,
2026-08-28T03:09:36,product,https://www.amazon.com/dp/B0B6JTYB49,,success,
2026-08-28T03:09:50,product,https://www.amazon.com/dp/B0CP8QM3R1,,success,
2026-08-28T03:10:03,product,https://www.amazon.com/dp/B0H46YSXY4,,success,
2026-08-28T03:10:20,product,https://www.amazon.com/dp/B0G156GM21,,success,
2026-08-28T03:10:35,product,https://www.amazon.com/dp/B078BF27BF,,success,
2026-08-28T03:10:54,product,https://www.amazon.com/dp/B0DNF673KY,,success,
2026-08-28T03:11:08,product,https://www.amazon.com/dp/B0GWWN7WCK,,success,
2026-08-28T03:11:25,product,https://www.amazon.com/dp/B0B6KKXWQV,,success,
2026-08-28T03:11:39,product,https://www.amazon.com/dp/B0B5YPZS45,,success,
2026-08-28T03:11:56,product,https://www.amazon.com/dp/B0F32L1MCQ,,success,
2026-08-28T03:12:14,product,https://www.amazon.com/dp/B09LD8PTNJ,,success,
2026-08-28T03:12:33,product,https://www.amazon.com/dp/B08WSTTCMG,,success,
2026-08-28T03:12:49,product,https://www.amazon.com/dp/B0H46WV6X2,,success,
2026-08-28T03:12:56,search,https://www.amazon.com/s?k=budget+laptop,,success,
2026-08-28T03:13:09,product,https://www.amazon.com/dp/B0GVPKW5RG,,success,
2026-08-28T03:13:26,product,https://www.amazon.com/dp/B0GVPQNGS8,,success,
2026-08-28T03:13:42,product,https://www.amazon.com/dp/B0GY16ZXZV,,success,
2026-08-28T03:13:56,product,https://www.amazon.com/dp/B0C8171GTK,,success,
2026-08-28T03:14:13,product,https://www.amazon.com/dp/B0DVCBYMQY,,success,
2026-08-28T03:14:28,product,https://www.amazon.com/dp/B0GX66CNNJ,,success,
2026-08-28T03:14:42,product,https://www.amazon.com/dp/B0GT8T34V8,,success,
2026-08-28T03:15:00,product,https://www.amazon.com/dp/B0F53SQRH4,,success,
2026-08-28T03:15:18,product,https://www.amazon.com/dp/B0FS1V6XZD,,success,
2026-08-28T03:15:37,product,https://www.amazon.com/dp/B0GQB1LPTR,,success,
2026-08-28T03:15:53,product,https://www.amazon.com/dp/B0DNLDKY3S,,success,
2026-08-28T03:16:08,product,https://www.amazon.com/dp/B0GSFH6QTJ,,success,
2026-08-28T03:16:23,product,https://www.amazon.com/dp/B0H2LTLNM4,,success,
2026-08-28T03:16:38,product,https://www.amazon.com/dp/B09SVSBVP1,,success,
2026-08-28T03:16:51,product,https://www.amazon.com/dp/B0GZNFHH9H,,success,
2026-08-28T03:17:08,product,https://www.amazon.com/dp/B08SHN3TZP,,success,
2026-08-28T03:17:24,product,https://www.amazon.com/dp/B0D9WCL5FY,,success,
2026-08-28T03:17:41,product,https://www.amazon.com/dp/B0GRVFY42Q,,success,
2026-08-28T03:17:59,product,https://www.amazon.com/dp/B0GXVSRTM9,,success,
2026-08-28T03:18:17,product,https://www.amazon.com/dp/B0GN8PWC9M,,success,
2026-08-28T03:18:31,product,https://www.amazon.com/dp/B0CBJ46QZX,,success,
2026-08-28T03:18:46,product,https://www.amazon.com/dp/B0H4ZKT3CQ,,success,
2026-08-28T03:18:53,search,https://www.amazon.com/s?k=bluetooth+speaker,,success,
2026-08-28T03:19:10,product,https://www.amazon.com/dp/B0BRKPVZB4,,success,
2026-08-28T03:19:32,product,https://www.amazon.com/dp/B0CX1FRR27,,success,
2026-08-28T03:19:45,product,https://www.amazon.com/dp/B0H8SMGQC9,,success,
2026-08-28T03:20:00,product,https://www.amazon.com/dp/B08FDPW8KR,,success,
2026-08-28T03:20:18,product,https://www.amazon.com/dp/B0CQ53RVTW,,success,
2026-08-28T03:20:33,product,https://www.amazon.com/dp/B0FKVSH438,,success,
2026-08-28T03:20:48,product,https://www.amazon.com/dp/B0H94FF2WT,,success,
2026-08-28T03:21:09,product,https://www.amazon.com/dp/B09MFBNTG3,,success,
2026-08-28T03:21:25,product,https://www.amazon.com/dp/B0DN35M7S9,,success,
2026-08-28T03:21:40,product,https://www.amazon.com/dp/B0D6WD2QSQ,,success,
2026-08-28T03:21:55,product,https://www.amazon.com/dp/B088KRPCQJ,,success,
2026-08-28T03:22:11,product,https://www.amazon.com/dp/B0D6W8GSL3,,success,
2026-08-28T03:22:28,product,https://www.amazon.com/dp/B07DMMG7QY,,success,
2026-08-28T03:22:42,product,https://www.amazon.com/dp/B0CVL1K7DX,,success,
2026-08-28T03:22:55,product,https://www.amazon.com/dp/B0GYK12BXP,,success,
2026-08-28T03:23:09,product,https://www.amazon.com/dp/B0D6WB7BV6,,success,
2026-08-28T03:23:16,search,https://www.amazon.com/s?k=kitchen+knife+set,,success,
2026-08-28T03:23:38,product,https://www.amazon.com/dp/B0C1YBPJ43,,success,
2026-08-28T03:23:55,product,https://www.amazon.com/dp/B00GHX5HGG,,success,
2026-08-28T03:24:08,product,https://www.amazon.com/dp/B0H41MQ5ZK,,success,
2026-08-28T03:24:24,product,https://www.amazon.com/dp/B0G8HTRKQG,,success,
2026-08-28T03:24:42,product,https://www.amazon.com/dp/B0F3KWZQ61,,success,
2026-08-28T03:25:00,product,https://www.amazon.com/dp/B0GTV7FZJT,,success,
2026-08-28T03:25:12,product,https://www.amazon.com/dp/B0GZJC4M2Z,,success,
2026-08-28T03:25:28,product,https://www.amazon.com/dp/B0DYP3J5BW,,success,
2026-08-28T03:25:45,product,https://www.amazon.com/dp/B01ALYD1WI,,success,
2026-08-28T03:25:59,product,https://www.amazon.com/dp/B0CWRCCFTM,,success,
2026-08-28T03:26:14,product,https://www.amazon.com/dp/B0CP5QXC1H,,success,
2026-08-28T03:26:31,product,https://www.amazon.com/dp/B0BNJWWR3S,,success,
2026-08-28T03:26:47,product,https://www.amazon.com/dp/B0G4LV352H,,success,
2026-08-28T03:27:06,product,https://www.amazon.com/dp/B0DFZG4CR3,,success,
2026-08-28T03:27:19,product,https://www.amazon.com/dp/B00GIBKC3K,,success,
2026-08-28T03:27:36,product,https://www.amazon.com/dp/B00R3Z49G6,,success,
2026-08-28T03:27:52,product,https://www.amazon.com/dp/B08VJLYQ5D,,success,
2026-08-28T03:28:05,product,https://www.amazon.com/dp/B07BN5MZBW,,success,
2026-08-28T03:28:22,product,https://www.amazon.com/dp/B0CRH87MK9,,success,
2026-08-28T03:28:39,product,https://www.amazon.com/dp/B0BW91HX7D,,success,
2026-08-28T03:28:55,product,https://www.amazon.com/dp/B0G8HSMYJJ,,success,
2026-08-28T03:29:13,product,https://www.amazon.com/dp/B09HCX9BTV,,success,
2026-08-28T03:29:31,product,https://www.amazon.com/dp/B007RWD11Y,,success,
2026-08-28T03:29:44,product,https://www.amazon.com/dp/B0GQGJ4YF5,,success,
2026-08-28T03:30:03,product,https://www.amazon.com/dp/B0DBJSS5LD,,success,
2026-08-28T03:30:17,product,https://www.amazon.com/dp/B0G5GGC7FP,,success,
2026-08-28T03:30:31,product,https://www.amazon.com/dp/B0DB4W8FB1,,success,
2026-08-28T03:30:47,product,https://www.amazon.com/dp/B0GCJQ4Z51,,success,
2026-08-28T03:31:04,product,https://www.amazon.com/dp/B09B7R3SY7,,success,
2026-08-28T03:31:19,product,https://www.amazon.com/dp/B0C9LP36Q5,,success,
2026-08-28T03:31:34,product,https://www.amazon.com/dp/B09Q5KPFXM,,success,
2026-08-28T03:31:51,product,https://www.amazon.com/dp/B0GK6Q7H3W,,success,
2026-08-28T03:32:09,product,https://www.amazon.com/dp/B0BFQLRHTJ,,success,
2026-08-28T03:32:23,product,https://www.amazon.com/dp/B0GK19NTQP,,success,
2026-08-28T03:32:41,product,https://www.amazon.com/dp/B0HC7CLS4G,,success,
2026-08-28T03:33:02,product,https://www.amazon.com/dp/B0FM83SLTL,,success,
2026-08-28T03:33:20,product,https://www.amazon.com/dp/B01B3GARVG,,success,
2026-08-28T03:33:35,product,https://www.amazon.com/dp/B0GC9RJQT1,,success,
2026-08-28T03:33:51,product,https://www.amazon.com/dp/B09B7WRM8P,,success,
2026-08-28T03:34:06,product,https://www.amazon.com/dp/B0FXX4Q21N,,success,
2026-08-28T03:34:20,product,https://www.amazon.com/dp/B09BQSYYHC,,success,
2026-08-28T03:34:37,product,https://www.amazon.com/dp/B0H2NBJ2RN,,success,
2026-08-28T03:34:55,product,https://www.amazon.com/dp/B0FDR5YWM6,,success,
2026-08-28T03:35:12,product,https://www.amazon.com/dp/B0D9B96TBX,,success,
2026-08-28T03:35:28,product,https://www.amazon.com/dp/B0G4M9K8CY,,success,
2026-08-28T03:35:43,product,https://www.amazon.com/dp/B0CSYKLLJ5,,success,
2026-08-28T03:35:57,product,https://www.amazon.com/dp/B08YMKNDNY,,success,
2026-08-28T03:36:13,product,https://www.amazon.com/dp/B0CFXNZ26Z,,success,
2026-08-28T03:36:20,search,https://www.amazon.com/s?k=DSLR+camera,,success,
2026-08-28T03:36:40,product,https://www.amazon.com/dp/B07C2Z21X5,,success,
2026-08-28T03:36:54,product,https://www.amazon.com/dp/B0101RW3QK,,success,
2026-08-28T03:37:13,product,https://www.amazon.com/dp/B07PCSKGP7,,success,
2026-08-28T03:37:28,product,https://www.amazon.com/dp/B0C5PGRP7V,,success,
2026-08-28T03:37:45,product,https://www.amazon.com/dp/B06Y5RTN1T,,success,
2026-08-28T03:38:04,product,https://www.amazon.com/dp/B0B9BLHWB8,,success,
2026-08-28T03:38:23,product,https://www.amazon.com/dp/B0BLLCJ963,,success,
2026-08-28T03:38:37,product,https://www.amazon.com/dp/B0H2DVMCR1,,success,
2026-08-28T03:38:54,product,https://www.amazon.com/dp/B09ZRN1N3Z,,success,
2026-08-28T03:39:12,product,https://www.amazon.com/dp/B07N92DBR8,,success,
2026-08-28T03:39:30,product,https://www.amazon.com/dp/B07B45D8WV,,success,
2026-08-28T03:39:48,product,https://www.amazon.com/dp/B004U4UHTQ,,success,
2026-08-28T03:40:03,product,https://www.amazon.com/dp/B0012OGF6Q,,success,
2026-08-28T03:40:19,product,https://www.amazon.com/dp/B001EQ4BVI,,success,
2026-08-28T03:40:33,product,https://www.amazon.com/dp/B06Y5ZCFHX,,success,
2026-08-28T03:40:52,product,https://www.amazon.com/dp/B00I1CPA0O,,success,
2026-08-28T03:41:00,search,https://www.amazon.com/s?k=coffee+maker,,success,
2026-08-28T03:41:19,product,https://www.amazon.com/dp/B01GJOMWVA,,success,
2026-08-28T03:41:34,product,https://www.amazon.com/dp/B07S98411N,,success,
2026-08-28T03:41:52,product,https://www.amazon.com/dp/B09715G57M,,success,
2026-08-28T03:42:08,product,https://www.amazon.com/dp/B07684BPLB,,success,
2026-08-28T03:42:29,product,https://www.amazon.com/dp/B0H6M2J4GK,,success,
2026-08-28T03:42:45,product,https://www.amazon.com/dp/B0D8LXRHQ8,,success,
2026-08-28T03:43:04,product,https://www.amazon.com/dp/B0H6CCCFJ7,,success,
2026-08-28T03:43:18,product,https://www.amazon.com/dp/B0C8B9V7HR,,success,
2026-08-28T03:43:36,product,https://www.amazon.com/dp/B00MVWGQX0,,success,
2026-08-28T03:43:56,product,https://www.amazon.com/dp/B0GQBYVN9W,,success,
2026-08-28T03:44:19,product,https://www.amazon.com/dp/B0FMTSRKYL,,success,
2026-08-28T03:44:33,product,https://www.amazon.com/dp/B0FHSC6SPM,,success,
2026-08-28T03:44:55,product,https://www.amazon.com/dp/B0892TW82K,,success,
2026-08-28T03:45:11,product,https://www.amazon.com/dp/B0D9QFRJMX,,success,
2026-08-28T03:45:29,product,https://www.amazon.com/dp/B0CT43D46H,,success,
2026-08-28T03:45:49,product,https://www.amazon.com/dp/B078NN17K3,,success,
