asin,category,cluster
191445393X,yamaha acoustic guitar,0
8883707168,notebook journal,14
B00005IBX9,coffee maker,13
B00006IV0Q,coffee maker,13
B00009J580,yamaha acoustic guitar,0
B0006ZAU22,yamaha acoustic guitar,0
B000FDZJBM,candle,8
B000GLN15O,sunglasses,6
B000OR2RNM,yamaha acoustic guitar,10
B000PRIPE6,sneakers,4
B000RVYMWE,yamaha acoustic guitar,0
B000X1OOBW,sneakers,4
B0012OGF6Q,DSLR camera,19
B0014D8GTY,yamaha acoustic guitar,14
B0016R858U,candle,8
B001L2MD2E,candle,8
B001U0OWTO,yamaha acoustic guitar,0
B002FU6T8A,sunglasses,6
B002GHC19I,t-shirt,2
B002YI2IG0,coffee maker,13
B002YX0GAA,candle,8
B002YX0GEQ,candle,8
B002ZLYRNI,sunglasses,6
B0038WVR6I,candle,8
B003GMP03Q,yamaha acoustic guitar,10
B003O2RXUQ,notebook journal,14
B003U31MXS,candle,8
B003UHUO7O,sneakers,4
B003UKM9CO,electric toothbrush,10
B003ZVXDCS,candle,8
B00429KMH6,candle,8
B004BXLVO6,yamaha acoustic guitar,0
B004U4UHTQ,DSLR camera,19
B004VGIGVY,air purifier,9
B006HFJA12,backpack,15
B007RWD11Y,kitchen knife set,7
B008BPI3AA,yamaha acoustic guitar,22
B008I2IKI6,electric toothbrush,10
B009NNZOEW,yamaha acoustic guitar,0
B009OGG8FW,sunglasses,6
B00AF7WUO2,coffee maker,13
B00AFWPVUC,electric toothbrush,9
B00AFWVHI2,electric toothbrush,10
B00CH9QWOU,coffee maker,13
B00D3OR58A,notebook journal,14
B00DJSRMBK,sneakers,4
B00DWKEHU4,coffee maker,13
B00EI7DPPI,coffee maker,13
B00FLCQ7EU,sneakers,4
B00FLYWNYQ,instant pot,1
B00GHX5HGG,kitchen knife set,7
B00GIBKC3K,kitchen knife set,7
B00HVW5HP8,t-shirt,18
B00JUM7DNG,t-shirt,18
B00JUM8WDG,t-shirt,18
B00KBZOR9O,t-shirt,18
B00KSQ8ZNA,desk lamp LED,5
B00LSRU2JS,t-shirt,18
B00LZSJ642,water bottle,9
B00LZSR3KQ,water bottle,9
B00MVWGQX0,coffee maker,13
B00N4ZHPZ6,yamaha acoustic guitar,0
B00P9U2EM8,notebook journal,14
B00R3Z49G6,kitchen knife set,7
B00UC8FMYO,candle,8
B00VTV7O2Q,t-shirt,18
B00W80Z87K,t-shirt,18
B00X7X2KIC,notebook journal,14
B0101RW3QK,DSLR camera,19
B011HMDZ0Q,gaming mouse,17
B011QQE1HE,t-shirt,18
B011WTM622,coffee maker,13
B011WTWIPW,coffee maker,13
B014GNJS22,sneakers,4
B01728NLRG,air purifier,21
B018UQ5AMS,coffee maker,13
B01ACCIEXA,t-shirt,2
B01AKGRTUM,electric toothbrush,10
B01ALYD1WI,kitchen knife set,7
B01B3GARVG,kitchen knife set,7
B01BHL3DCC,notebook journal,14
B01BU1S5HC,sunglasses,6
B01DN8TCEU,notebook journal,14
B01GJOMWVA,coffee maker,13
B01K6PAZ1M,phone case,9
B01KNM3HG8,t-shirt,2
B01LXCDPPK,webcam HD,16
B01LYQK0YX,sunglasses,6
B01LZSLIE2,sunglasses,6
B01M7TTA2S,candle,8
B01N0RSC4K,candle,8
B01N6T5QNO,coffee maker,13
B01NBKTPTS,instant pot,1
B06XW1JQ1L,sneakers,4
B06XXR7DCB,candle,8
B06Y1YD5W7,instant pot,1
B06Y5RTN1T,DSLR camera,19
B06Y5ZCFHX,DSLR camera,19
B071DVQLT2,t-shirt,2
B071NRXVBP,notebook journal,14
B071VJPRD4,notebook journal,14
B072HPWW1X,water bottle,9
B072V8Y2C8,t-shirt,18
B0731NLT2S,notebook journal,14
B073K417VQ,sneakers,4
B0744DM3Y3,phone stand,23
B074XY7MTG,t-shirt,18
B075DVZBGV,candle,8
B075F394ZS,candle,8
B07611Y7N7,t-shirt,2
B07611ZQF1,t-shirt,18
B0763Q7K2W,kitchen knife set,7
B0767PWDQ4,t-shirt,18
B0768349VX,t-shirt,2
B07684BPLB,coffee maker,13
B0769KCQCB,sunglasses,6
B0778XY3DT,sneakers,4
B077Z6Y9QF,sunglasses,6
B077ZF7B7R,sneakers,4
B077ZNKJ3Z,sneakers,4
B0785VXRX2,t-shirt,2
B0787P86ZZ,t-shirt,18
B078BF27BF,electric toothbrush,10
B078NN17K3,coffee maker,13
B078WMLXXG,coffee maker,13
B07982DFFD,candle,8
B0799C1ZCG,t-shirt,18
B079CPJHJV,candle,8
B079FRVSPH,yamaha acoustic guitar,0
B079K963KG,backpack,15
B07B3VQ8DY,sneakers,4
B07B422G13,sneakers,4
B07B45D8WV,DSLR camera,19
B07BK5P5ST,phone stand,16
B07BKLXNC7,sneakers,4
B07C2Z21X5,DSLR camera,19
B07CPW148Z,backpack,15
B07DMMG7QY,bluetooth speaker,16
B07DNR6TKM,electric toothbrush,10
B07DPLQMF9,notebook journal,14
B07F2YJRN2,backpack,15
B07F8S18D5,phone stand,16
B07FBC8P59,notebook journal,14
B07FYQP9ML,yamaha acoustic guitar,0
B07GKQKW7W,sunglasses,6
B07HRHBLJ4,t-shirt,2
B07J2NRG93,sunglasses,6
B07JCJMPVM,t-shirt,18
B07JCS8NRC,t-shirt,18
B07JR7Y8YD,yamaha acoustic guitar,0
B07K7J4CMY,yamaha acoustic guitar,0
B07K986YLL,webcam HD,16
B07KVRRFKF,gaming chair,12
B07L4JCG7T,notebook journal,14
B07L5P2J8D,electric toothbrush,10
B07M6Y7355,webcam HD,16
B07M989JLF,t-shirt,18
B07MN6G81X,t-shirt,2
B07MP3JFVW,sunglasses,6
B07MRD7118,sunglasses,6
B07MW4R1X3,sunglasses,6
B07N2F3JXP,water bottle,9
B07NHW8Z3N,t-shirt,2
B07PBS21V8,wireless earbuds,22
B07PCSKGP7,DSLR camera,19
B07PD2V88P,t-shirt,2
B07PF6ZVMZ,sunglasses,6
B07RZVN1G6,candle,8
B07S98411N,coffee maker,13
B07TJXQ1TL,yamaha acoustic guitar,0
B07TZYL4ST,phone stand,9
B07V4R4Z77,backpack,15
B07VT23JDM,instant pot,1
B07VVK39F7,air purifier,21
B07W3QT226,portable charger,22
B07W46BX31,portable charger,22
B07W8KJH44,portable charger,22
B07XCQ3Z8H,sunglasses,6
B07XF8NT4C,electric toothbrush,10
B07XJLD2BL,yamaha acoustic guitar,9
B07XLTPC5L,t-shirt,2
B07YSQMBZN,sunglasses,6
B07YWLQ5F4,yamaha acoustic guitar,7
B07YXM6XTF,water bottle,9
B07Z82895W,phone stand,5
B07ZGDD6B1,mechanical keyboard,17
B07ZHNKGVC,notebook journal,14
B07ZN5PKP7,notebook journal,14
B083QFCTTT,notebook journal,9
B0842RYHVB,water bottle,9
B0842S56G8,water bottle,9
B0849ZFBGS,yamaha acoustic guitar,0
B084BZH9PG,yamaha acoustic guitar,0
B084TM4XKG,electric toothbrush,10
B085DTZQNZ,water bottle,9
B085TFF7M1,webcam HD,16
B0868HY623,desk lamp LED,9
B086KY66PJ,t-shirt,2
B086TTTZR5,DSLR camera,19
B0874M3KW4,USB-C hub,3
B087QZVQJX,USB-C hub,3
B088D7XQYT,yamaha acoustic guitar,0
B088KRPCQJ,bluetooth speaker,16
B0892TW82K,coffee maker,13
B08937RF9V,sunglasses,6
B089DJK1KF,sunglasses,6
B089P1LLFS,yamaha acoustic guitar,0
B089P25CQ1,yamaha acoustic guitar,0
B08B12P6CS,gaming chair,12
B08B3NHBJ4,phone stand,23
B08DKQ3JG1,desk lamp LED,16
B08DTZM7LM,phone stand,23
B08DY8GJN4,phone case,23
B08F2NB5PH,t-shirt,2
B08F2NSN4G,t-shirt,2
B08FC2VFLF,notebook journal,14
B08FDPW8KR,bluetooth speaker,21
B08FJ678YK,air purifier,21
B08FRT557T,sunglasses,6
B08GL4CW3B,yamaha acoustic guitar,0
B08HW4HX66,air purifier,21
B08KCVRL2V,notebook journal,14
B08KPJ76RR,air purifier,21
B08KSHWYL2,backpack,15
B08PPZWNCV,instant pot,1
B08PQ2KWHS,instant pot,1
B08QBJTHM6,sneakers,4
B08QCFV6ZJ,desk lamp LED,3
B08QD33PZ2,coffee maker,13
B08QZSN97Z,coffee maker,13
B08R794ZMX,air purifier,21
B08SK4DMHR,desk lamp LED,5
B08T983G11,yamaha acoustic guitar,0
B08TMTJZ8L,instant pot,1
B08VJ25PL1,webcam HD,16
B08VJLYQ5D,kitchen knife set,7
B08W1YKCH5,yamaha acoustic guitar,0
B08WSTTCMG,electric toothbrush,10
B08XZ3HWF3,candle,8
B08YFF5MXX,candle,8
B08YMKNDNY,kitchen knife set,7
B08YNMTT2D,notebook journal,14
B08Z6X4NK3,mechanical keyboard,17
B092CB69Q4,gaming mouse,17
B092RCLKHN,smartwatch,20
B093121LW9,t-shirt,2
B093QHHV2C,sneakers,4
B093QLCCWR,sneakers,4
B093TSRPQM,electric toothbrush,10
B093WB7PZV,sneakers,4
B094PS5RZQ,gaming mouse,17
B09715G57M,coffee maker,13
B09726KT4R,gaming mouse,17
B097GVX9W9,notebook journal,14
B09861YKDM,sunglasses,6
B098CHH298,coffee maker,13
B098F5CC4N,candle,8
B098Q74F7K,t-shirt,2
B0991MYYH3,yamaha acoustic guitar,9
B0995MYSRN,sunglasses,6
B099JVC9HL,phone case,23
B099MV5XMX,desk lamp LED,23
B099XVDV91,candle,8
B09B4ML4HZ,t-shirt,2
B09B7WRM8P,kitchen knife set,7
B09B8V1LZ3,bluetooth speaker,21
B09B9CD1YB,bluetooth speaker,14
B09BQSYYHC,kitchen knife set,7
B09C13PZX7,gaming mouse,17
B09D51Z5TR,phone case,23
B09D9XLZ3Q,candle,8
B09DVGV7BH,webcam HD,16
B09F5JHKTL,sunglasses,6
B09F5L2XWZ,notebook journal,14
B09F5XQDYJ,notebook journal,14
B09FJSJQ95,air purifier,21
B09FPFR2WY,yamaha acoustic guitar,14
B09FT58QQP,wireless earbuds,22
B09G1TPWBQ,backpack,15
B09G3FZG1H,candle,8
B09GM8Y8BN,air purifier,21
B09GTRVJQM,air purifier,21
B09H3NJX44,sneakers,4
B09HCX9BTV,kitchen knife set,7
B09J4V4XFM,yamaha acoustic guitar,0
B09JYJ6JKH,wireless earbuds,16
B09LD7WRVS,electric toothbrush,10
B09LD8PTNJ,electric toothbrush,10
B09LD8T445,electric toothbrush,10
B09LD8VFS1,electric toothbrush,10
B09LD8VXLX,electric toothbrush,10
B09LK1P1RD,mechanical keyboard,17
B09LM1P132,water bottle,22
B09M7KJJF6,kitchen knife set,7
B09MCKK9NX,phone stand,16
B09MFBNTG3,bluetooth speaker,16
B09MQWWP87,backpack,15
B09MZTSSR2,instant pot,1
B09Q5KPFXM,kitchen knife set,7
B09RZM9HDS,sunglasses,6
B09S3HNMHF,budget laptop,24
B09SVSBVP1,budget laptop,24
B09T3R7H91,t-shirt,2
B09T9PXW35,USB-C hub,3
B09TQLWNL1,sunglasses,6
B09TQY66NH,phone stand,16
B09TR4Y91J,mechanical keyboard,17
B09WVGDGYK,t-shirt,2
B09WVZMKWG,yamaha acoustic guitar,22
B09XBTK1M3,sneakers,4
B09XRGG5NV,sneakers,4
B09XVKZD34,yamaha acoustic guitar,9
B09XVLKGFT,yamaha acoustic guitar,9
B09Y638YHD,notebook journal,14
B09YBLCL41,sneakers,4
B09YD8VLN3,gaming mouse,17
B09YV633PL,desk lamp LED,5
B09ZKSJ59Q,water bottle,22
B09ZRN1N3Z,DSLR camera,19
B0B2ZLGLF3,sneakers,4
B0B3DS23NB,monitor 27 inch,11
B0B3XKHTR1,sunglasses,6
B0B41D4PR1,coffee maker,13
B0B4DKQSDV,notebook journal,14
B0B4ZSKPNL,air purifier,21
B0B5HRWH1S,electric toothbrush,10
B0B5HSNPNH,electric toothbrush,10
B0B5HVM6JX,electric toothbrush,10
B0B5YPHMW8,electric toothbrush,10
B0B5YPZS45,electric toothbrush,10
B0B69LJ3BD,coffee maker,13
B0B6JTYB49,electric toothbrush,10
B0B6KKXWQV,electric toothbrush,10
B0B74P7X31,candle,8
B0B7CX57F4,notebook journal,8
B0B7NGBTKH,yamaha acoustic guitar,0
B0B89H61L5,sneakers,4
B0B9BLHWB8,DSLR camera,19
B0B9BN89HB,sneakers,4
B0B9RQJFDV,electric toothbrush,10
B0B9T4KCV7,water bottle,9
B0BB1SJ1B5,desk lamp LED,5
B0BB5ZBT42,desk lamp LED,5
B0BBMK7RCF,desk lamp LED,3
B0BBS8CTH2,water bottle,9
B0BCDKP34B,kitchen knife set,7
B0BFJ4CRKD,webcam HD,16
B0BFQLRHTJ,kitchen knife set,7
B0BFX95J5P,instant pot,1
B0BGPF71Q6,air purifier,21
B0BHBP1X1B,water bottle,9
B0BHX8JVNH,yamaha acoustic guitar,0
B0BJPN1Y3H,DSLR camera,22
B0BKGPYDSZ,sunglasses,6
B0BKSKCYX7,sunglasses,6
B0BL7ZVY78,DSLR camera,19
B0BL9F5S6R,USB-C hub,3
B0BLLCJ963,DSLR camera,19
B0BM3C13B6,coffee maker,13
B0BN2LZ9JH,air purifier,21
B0BN2TWDZ5,electric toothbrush,10
B0BN6RRD5V,gaming chair,12
B0BN81XGG7,portable charger,22
B0BNDM2RNG,air purifier,21
B0BNHNG5CY,desk lamp LED,5
B0BNJWWR3S,kitchen knife set,7
B0BP69FS5K,electric toothbrush,10
B0BPGKBLHV,notebook journal,14
B0BPYCHYP9,t-shirt,2
B0BR3M8XHK,USB-C hub,3
B0BR5JHB3Z,desk lamp LED,21
B0BRCJL4MM,desk lamp LED,5
B0BRKPVZB4,bluetooth speaker,16
B0BS17GYRM,desk lamp LED,5
B0BSKN36HJ,notebook journal,9
B0BT8K88SR,water bottle,22
B0BTTV6CT1,DSLR camera,19
B0BTV6X42F,notebook journal,14
B0BVCXZL45,candle,8
B0BVFLK3YV,t-shirt,2
B0BVG2WPX6,notebook journal,14
B0BW2TLQ8S,USB-C hub,3
B0BW91HX7D,kitchen knife set,3
B0BWTW5DX2,sunglasses,6
B0BX3X6VDQ,sneakers,4
B0BXBC26X8,gaming mouse,17
B0BXFHW91M,t-shirt,18
B0BXN2J619,portable charger,22
B0BXX1TJC8,notebook journal,14
B0BY27XSJ3,USB-C hub,3
B0BY2Q3Q4K,water bottle,22
B0BYYHSMHS,candle,8
B0BZ3F5DCM,notebook journal,14
B0BZHR5KC9,sneakers,4
B0BZRZGJDL,water bottle,9
B0BZWT5FRR,bluetooth speaker,16
B0BZXTB2RJ,sneakers,4
B0BZYBP74R,water bottle,9
B0BZYCJK89,water bottle,9
B0BZZT7D5V,water bottle,22
B0C13GFY7N,backpack,15
B0C1DZKS8J,water bottle,22
B0C1NDGV2S,sunglasses,6
B0C1YBPJ43,kitchen knife set,7
B0C1Z48WKW,notebook journal,14
B0C1Z64LJR,t-shirt,2
B0C23S36QF,notebook journal,14
B0C2HGLLM5,water bottle,22
B0C2JK9Y8V,coffee maker,13
B0C2JZMCPC,sneakers,4
B0C35HNPW9,instant pot,1
B0C3C1HYY7,sneakers,8
B0C3M87K71,desk lamp LED,5
B0C4BZ28PG,bluetooth speaker,3
B0C4JTPPYY,desk lamp LED,5
B0C4JV31PH,desk lamp LED,5
B0C4Y32M4S,sunglasses,6
B0C51934VF,gaming mouse,17
B0C572T6G5,notebook journal,14
B0C5PGRP7V,DSLR camera,19
B0C6LNFHTP,phone stand,22
B0C7H3MSVJ,desk lamp LED,5
B0C7KYKTL5,sunglasses,6
B0C8171GTK,budget laptop,24
B0C8B9V7HR,coffee maker,13
B0C8HHV9DK,portable charger,3
B0C8JZ57R1,notebook journal,14
B0C8QYB8W6,mechanical keyboard,17
B0C8ZJNZY8,monitor 27 inch,11
B0C9LP36Q5,kitchen knife set,7
B0C9ZJHQHM,mechanical keyboard,17
B0CB1BNBY7,gaming chair,12
B0CB22K9LZ,sneakers,4
B0CB9PF1N6,bluetooth speaker,22
B0CBLY5GWQ,water bottle,22
B0CBTWV1RZ,phone case,23
B0CBWXCS6B,kitchen knife set,7
B0CC1F4V7Q,phone case,23
B0CC1F7SDR,phone case,23
B0CC1FTGMB,phone case,23
B0CCF6J2Q6,gaming mouse,17
B0CD9NXQXR,notebook journal,14
B0CDGLMN8S,sneakers,4
B0CDL2V8KX,water bottle,9
B0CDPLYPXB,desk lamp LED,5
B0CDQ81X9T,water bottle,22
B0CDZJJC48,phone case,23
B0CF3VGQFL,mechanical keyboard,17
B0CF4DJM7F,gaming mouse,9
B0CF4L9LPR,gaming mouse,17
B0CFVDX4HT,phone case,23
B0CFXNZ26Z,kitchen knife set,7
B0CG28KM9Y,notebook journal,14
B0CG6NBJ61,smartwatch,20
B0CG6NR413,smartwatch,20
B0CG6TN45R,gaming chair,12
B0CG6V2XGS,gaming chair,12
B0CGCH8223,phone case,23
B0CGCLFTRX,phone case,23
B0CGCMS31N,phone case,9
B0CGT6ZRGJ,sneakers,4
B0CH455W8X,sneakers,4
B0CH8YYMPK,yamaha acoustic guitar,0
B0CHGVV5L7,backpack,15
B0CHGWX7HG,backpack,15
B0CHHSFMRL,monitor 27 inch,11
B0CHJ1TN7H,sneakers,4
B0CHYWN5W6,candle,8
B0CJHZ92P6,webcam HD,16
B0CJM6WYZ8,desk lamp LED,5
B0CKXSGV8F,kitchen knife set,7
B0CL7RDRRT,sneakers,4
B0CLFFB8MH,t-shirt,2
B0CLH89X2K,mechanical keyboard,17
B0CLLHSWRL,mechanical keyboard,17
B0CM44GT41,electric toothbrush,10
B0CMM89Y6Z,phone stand,16
B0CMQLKP9J,sneakers,4
B0CN1JGYKQ,yamaha acoustic guitar,0
B0CN1L2BG8,yamaha acoustic guitar,0
B0CN3F9Y1Z,USB-C hub,3
B0CN3T7NZ5,notebook journal,14
B0CNCY18SW,sneakers,4
B0CNK1JWPV,yamaha acoustic guitar,22
B0CNTH3F7P,phone stand,23
B0CNZS9RRB,desk lamp LED,5
B0CP22DQQS,gaming chair,12
B0CP2DT6SH,yamaha acoustic guitar,16
B0CP5QXC1H,kitchen knife set,7
B0CP8QM3R1,electric toothbrush,10
B0CP9YB3Q4,water bottle,9
B0CPLT23TZ,smartwatch,20
B0CQ2MSP2B,mechanical keyboard,17
B0CQ3ZGKP3,desk lamp LED,5
B0CQ53RVTW,bluetooth speaker,16
B0CQJVSL1Z,webcam HD,16
B0CQVWW5QK,water bottle,9
B0CR6BWHQN,coffee maker,13
B0CR6JBJDH,USB-C hub,3
B0CR7L79Q2,candle,8
B0CRB4K3DW,desk lamp LED,5
B0CRH87MK9,kitchen knife set,7
B0CRQX9R5H,desk lamp LED,5
B0CRY97FPB,desk lamp LED,5
B0CS2WQML6,water bottle,22
B0CSDRZSGG,coffee maker,13
B0CSM2MJ55,yamaha acoustic guitar,0
B0CSYYKB97,USB-C hub,3
B0CT4H26HR,notebook journal,14
B0CT4HX4T9,notebook journal,14
B0CTCLBST5,smartwatch,20
B0CTJ4P8CH,sneakers,4
B0CTJGJL2T,candle,8
B0CVL1K7DX,bluetooth speaker,16
B0CW3VWC3X,smartwatch,20
B0CW5ZVKSX,candle,8
B0CW6KY2ZK,yamaha acoustic guitar,0
B0CWGJZ35S,t-shirt,2
B0CWRCCFTM,kitchen knife set,22
B0CWS28VK1,notebook journal,14
B0CX1FRR27,bluetooth speaker,21
B0CX1RDX77,notebook journal,14
B0CXHNGDC1,portable charger,3
B0CXJ97TV1,air purifier,21
B0CXJHCVHZ,t-shirt,2
B0CY2C7H6S,webcam HD,16
B0CYQ5P6T7,webcam HD,16
B0CZ53DPHR,electric toothbrush,10
B0CZ87MBS6,sneakers,4
B0CZL55GR7,electric toothbrush,10
B0CZMPX2PW,desk lamp LED,5
B0CZQCTD4K,coffee maker,13
B0D14N2QZF,mechanical keyboard,17
B0D1D8BRK2,electric toothbrush,10
B0D1DGYSFR,kitchen knife set,9
B0D1DLY4H4,desk lamp LED,5
B0D1DRYBTN,electric toothbrush,10
B0D1KDFG6J,notebook journal,14
B0D1KHCHZP,desk lamp LED,5
B0D1QY8PL6,desk lamp LED,5
B0D1XLNWP2,USB-C hub,3
B0D28Q1NFB,t-shirt,2
B0D2HJDH94,wireless earbuds,22
B0D2LGK82V,desk lamp LED,5
B0D2PKRQSN,t-shirt,2
B0D2PNMDJZ,yamaha acoustic guitar,0
B0D2W136D1,water bottle,9
B0D2X2KP7Q,sunglasses,6
B0D31VM76T,sneakers,4
B0D41XL87F,desk lamp LED,23
B0D44Y2NSF,notebook journal,14
B0D45PK5V4,coffee maker,13
B0D47CZT4G,gaming chair,12
B0D4DG2CG2,desk lamp LED,5
B0D4QVHWPJ,monitor 27 inch,11
B0D4TKP2M1,gaming chair,12
B0D5CHZYP6,t-shirt,18
B0D5FYJBT9,sneakers,4
B0D5MTX69F,sneakers,4
B0D5R69MPV,electric toothbrush,10
B0D63KYHHH,electric toothbrush,10
B0D6SX8VLQ,bluetooth speaker,21
B0D6W1GQ6X,budget laptop,24
B0D6W8GSL3,bluetooth speaker,16
B0D6WB7BV6,bluetooth speaker,16
B0D6WD2QSQ,bluetooth speaker,16
B0D7H21MNQ,portable charger,3
B0D7VG4754,smartwatch,20
B0D83HBHBM,candle,8
B0D842FXFX,notebook journal,14
B0D8J2ZB8P,water bottle,9
B0D8LH2VSP,monitor 27 inch,11
B0D8LXRHQ8,coffee maker,13
B0D8VR4BTZ,candle,8
B0D97BWLZ4,sunglasses,6
B0D9849WQD,candle,8
B0D9B96TBX,kitchen knife set,7
B0D9MK23S7,monitor 27 inch,11
B0D9QFRJMX,coffee maker,13
B0D9R4GYTN,wireless earbuds,9
B0D9R7Q449,monitor 27 inch,11
B0D9VPSQM7,gaming chair,12
B0D9VS4PV7,phone case,23
B0DB4W8FB1,kitchen knife set,7
B0DB9Q5G3R,monitor 27 inch,11
B0DBHTL3CN,coffee maker,13
B0DBJSS5LD,kitchen knife set,7
B0DBRDW93D,gaming chair,12
B0DBW1BN5C,electric toothbrush,10
B0DBZGH5XM,mechanical keyboard,17
B0DCBC8KKV,air purifier,21
B0DCCJZC9F,electric toothbrush,10
B0DCHXTGRN,gaming chair,12
B0DCKP1VJF,notebook journal,14
B0DCVKYQ99,gaming mouse,17
B0DCVP49FN,gaming mouse,17
B0DD41G2NZ,wireless earbuds,22
B0DDXYDSLM,desk lamp LED,5
B0DFH8SNK5,phone case,23
B0DFS1CX46,sneakers,4
B0DFYHDMT2,sunglasses,6
B0DFZG4CR3,kitchen knife set,7
B0DG36YPZM,water bottle,9
B0DGFXBFCT,instant pot,1
B0DGG5W4FK,instant pot,1
B0DGHQWVDQ,water bottle,9
B0DGK8TG51,gaming chair,12
B0DHCJDJBW,coffee maker,13
B0DHLN4322,sneakers,4
B0DHRYBNDG,notebook journal,14
B0DHWXM4J5,sunglasses,6
B0DJ74H464,water bottle,13
B0DJFBF3SH,coffee maker,13
B0DJFJFSZ5,instant pot,1
B0DJG1731C,air purifier,9
B0DJNFSHMQ,t-shirt,2
B0DJNJBVWG,t-shirt,2
B0DJPYN19Z,yamaha acoustic guitar,0
B0DK44759Y,monitor 27 inch,11
B0DKMHKDK3,kitchen knife set,7
B0DKT8BB4M,USB-C hub,3
B0DL32P26S,sneakers,4
B0DL86NC5Z,portable charger,23
B0DL8W99LM,backpack,15
B0DLCG65B5,water bottle,22
B0DLLGG2Z8,electric toothbrush,10
B0DLN1G7G6,candle,8
B0DM1Z72WC,budget laptop,22
B0DM373GVL,sneakers,4
B0DM6SNBGM,monitor 27 inch,11
B0DMKBGWMP,yamaha acoustic guitar,0
B0DMR1K61R,yamaha acoustic guitar,22
B0DMVK2DFN,sneakers,4
B0DNF673KY,electric toothbrush,10
B0DNLDKY3S,budget laptop,24
B0DNMLK6SC,electric toothbrush,10
B0DNNWJ1LL,portable charger,22
B0DP38DKQM,instant pot,1
B0DP3VPWN3,gaming mouse,17
B0DP42G526,phone stand,23
B0DP74YCXR,candle,8
B0DP7C3XK9,desk lamp LED,5
B0DPKW5JPR,bluetooth speaker,16
B0DPNJVG1Z,coffee maker,13
B0DQ22GPKD,coffee maker,13
B0DQ7QVDKL,kitchen knife set,7
B0DQSJM8SX,backpack,15
B0DQTRH3V4,desk lamp LED,5
B0DR31TG5X,coffee maker,13
B0DR9PVSC9,water bottle,9
B0DRWLLLM9,water bottle,9
B0DS279YBH,t-shirt,2
B0DSC5WL37,t-shirt,2
B0DSGGRQG3,water bottle,9
B0DSPJPRXD,webcam HD,16
B0DT1CZ58V,bluetooth speaker,0
B0DT1H3CR1,backpack,15
B0DT43NNNF,mechanical keyboard,17
B0DT6Z3R4F,USB-C hub,3
B0DTKCYBR5,phone case,23
B0DTP745KH,water bottle,9
B0DTVQN7KM,budget laptop,24
B0DVCBYMQY,budget laptop,24
B0DW624GXR,electric toothbrush,10
B0DWBJ6CM1,coffee maker,13
B0DWMX5TXV,mechanical keyboard,17
B0DXFFY4YV,phone stand,16
B0DXJQT19B,USB-C hub,3
B0DY2SWV16,smartwatch,16
B0DY6ZP7YW,gaming chair,12
B0DYF64BV2,smartwatch,20
B0DYJKTHYF,smartwatch,20
B0DYMW78WD,candle,8
B0DYP3J5BW,kitchen knife set,7
B0DYV736NT,sunglasses,6
B0DZ1TGX6T,portable charger,3
B0DZ26C4PN,yamaha acoustic guitar,0
B0DZ28ZGYL,mechanical keyboard,17
B0DZCLTHW7,gaming chair,12
B0DZNMWKXH,gaming chair,12
B0F1D7P51F,gaming mouse,17
B0F1TBXD8B,sunglasses,6
B0F1XKYJFD,desk lamp LED,5
B0F21DH46Q,sunglasses,6
B0F21J9J7V,webcam HD,16
B0F21R24VX,gaming chair,12
B0F21SSY1N,gaming chair,12
B0F22BR222,desk lamp LED,5
B0F28L2J8G,sunglasses,6
B0F29LH9HP,monitor 27 inch,11
B0F2G217VL,sneakers,4
B0F2WMS7CC,water bottle,9
B0F31Z2349,yamaha acoustic guitar,0
B0F32L1MCQ,electric toothbrush,21
B0F3DPXQP1,candle,8
B0F3DR5P2W,candle,8
B0F3DRTCB2,candle,8
B0F3DSJZ5H,candle,8
B0F3F2XPW1,candle,8
B0F3HVY1JY,t-shirt,18
B0F3J7H7QR,coffee maker,13
B0F3KWZQ61,kitchen knife set,7
B0F3VWFB3K,sneakers,4
B0F44147Z9,notebook journal,14
B0F4MZBZRH,wireless earbuds,22
B0F4WY29V3,sneakers,4
B0F53SQRH4,budget laptop,24
B0F5BH3Z9T,desk lamp LED,5
B0F5GQQKG7,sunglasses,6
B0F5HSNDXF,USB-C hub,3
B0F5JFTR1Q,coffee maker,13
B0F5S3SQJK,water bottle,9
B0F66HVPDY,candle,8
B0F6DDHYVK,desk lamp LED,5
B0F6NFHB31,portable charger,23
B0F6WBLG4W,gaming chair,12
B0F72ZCGWB,monitor 27 inch,11
B0F7Q5RB96,smartwatch,20
B0F83YR84S,backpack,15
B0F8DY4QKQ,monitor 27 inch,11
B0F8HF7X28,water bottle,22
B0F8HWPP54,sunglasses,6
B0F8Q8KLT5,notebook journal,14
B0F8QZ7233,smartwatch,20
B0F991PB6N,sneakers,4
B0F9B923NC,instant pot,1
B0F9BD5M2K,instant pot,1
B0F9L7N1FY,sunglasses,6
B0F9LRK6SS,backpack,15
B0F9NXFRR6,notebook journal,14
B0F9P519ZM,yamaha acoustic guitar,0
B0F9WDY38C,notebook journal,14
B0F9YFX3QN,gaming chair,12
B0FB349R8G,phone stand,16
B0FBFM72F2,monitor 27 inch,11
B0FBQZ5CYD,portable charger,23
B0FBWHDDFT,gaming chair,12
B0FC2PYBBD,water bottle,9
B0FCS5W2WL,desk lamp LED,5
B0FDR5YWM6,kitchen knife set,7
B0FF7Q8DX8,sneakers,4
B0FFGK32C5,gaming chair,12
B0FFN4JDNP,coffee maker,13
B0FFTL7QNC,water bottle,9
B0FG5TDTNT,phone case,23
B0FG632MT5,monitor 27 inch,11
B0FG7Q1X5B,coffee maker,13
B0FG7W8LP3,sunglasses,6
B0FG7XJWLM,desk lamp LED,5
B0FGC514QH,phone case,23
B0FGCLY8J2,phone case,23
B0FH25Z9W3,gaming chair,12
B0FHPRCD75,water bottle,9
B0FHSC6SPM,coffee maker,13
B0FHWGB7FW,wireless earbuds,22
B0FHXY7VZ5,monitor 27 inch,11
B0FJ1M2J1S,kitchen knife set,7
B0FJ891D8Y,coffee maker,13
B0FJ9YL548,instant pot,1
B0FK1CDVHB,water bottle,9
B0FKBGLZRL,electric toothbrush,10
B0FKGRDJ6T,yamaha acoustic guitar,18
B0FLBZL614,gaming chair,12
B0FLDWKJDM,phone case,9
B0FLJLV8WN,gaming chair,12
B0FLJYT87N,wireless earbuds,22
B0FLM15Q5L,monitor 27 inch,11
B0FM83SLTL,kitchen knife set,7
B0FMB4ZY6F,portable charger,23
B0FMB7M8JB,portable charger,23
B0FMKFTGDJ,kitchen knife set,7
B0FMSTSYL7,coffee maker,13
B0FMYTCWLK,yamaha acoustic guitar,0
B0FN3JSVNZ,gaming chair,12
B0FN3S7LKG,electric toothbrush,10
B0FNRXZV67,wireless earbuds,16
B0FPRHR6XZ,water bottle,9
B0FRFW6VYR,electric toothbrush,10
B0FRMS6KF3,gaming chair,12
B0FRS7SVR7,desk lamp LED,5
B0FS1V6XZD,budget laptop,24
B0FSKL8NH1,smartwatch,20
B0FTL9CR3T,portable charger,22
B0FTZZYP24,coffee maker,13
B0FV8J9YT2,kitchen knife set,7
B0FVTJN9Y2,phone stand,23
B0FVXYDGK1,budget laptop,24
B0FW4M379J,DSLR camera,22
B0FWC3F2M1,instant pot,1
B0FWJFFRJH,sunglasses,6
B0FWM4HWBM,electric toothbrush,10
B0FWQK7TBQ,gaming chair,12
B0FWQZNYQX,smartwatch,20
B0FWR4VJ87,smartwatch,20
B0FX44YTGC,gaming chair,12
B0FX9FVSXQ,yamaha acoustic guitar,0
B0FXBY6BVL,coffee maker,13
B0FXX4Q21N,kitchen knife set,7
B0FXX83W1H,gaming chair,12
B0FZQD1M8C,gaming chair,12
B0G11F8FHR,USB-C hub,3
B0G12HGHGM,gaming mouse,17
B0G13RQ2SZ,USB-C hub,3
B0G1PJLWLZ,wireless earbuds,16
B0G29MV7GK,webcam HD,16
B0G2BPN56M,gaming chair,12
B0G2L2YC9D,webcam HD,16
B0G2XTRGNX,notebook journal,14
B0G3PTHM36,mechanical keyboard,17
B0G3QSHJCC,electric toothbrush,10
B0G3QTZV2L,electric toothbrush,10
B0G3RD2XVH,electric toothbrush,10
B0G3WJZNZN,t-shirt,2
B0G4F6ZCSV,smartwatch,20
B0G4FH9ZZ7,notebook journal,14
B0G4FQ6CZT,portable charger,22
B0G4LV352H,kitchen knife set,7
B0G4RRS5BP,t-shirt,2
B0G4V76JFT,gaming mouse,9
B0G4XB3L4M,sneakers,4
B0G57B32XT,gaming chair,12
B0G5BS3RLS,sneakers,4
B0G5GGC7FP,kitchen knife set,7
B0G5PLHR14,notebook journal,14
B0G63LXK6R,webcam HD,16
B0G63LXZH1,instant pot,1
B0G655BV6K,notebook journal,14
B0G67KHJ47,electric toothbrush,10
B0G6KNJH1Z,desk lamp LED,5
B0G6NCZ3WK,coffee maker,13
B0G7H6K1WN,wireless earbuds,22
B0G7RDYJFY,desk lamp LED,5
B0G7SSHT9F,desk lamp LED,5
B0G8HSMYJJ,kitchen knife set,7
B0G8HTRKQG,kitchen knife set,7
B0G8J89WBT,electric toothbrush,10
B0GC9RJQT1,kitchen knife set,7
B0GCHK16ZH,desk lamp LED,5
B0GCJQ4Z51,kitchen knife set,9
B0GCMGN8C8,air purifier,21
B0GDF4PL97,coffee maker,13
B0GDFGPQQX,monitor 27 inch,11
B0GDKY82DD,instant pot,1
B0GF15CCZ1,t-shirt,2
B0GF1GYKW5,desk lamp LED,5
B0GFFTFYDB,yamaha acoustic guitar,0
B0GFVL4Z2W,gaming chair,12
B0GG3JNQGF,webcam HD,16
B0GGB5DNQP,electric toothbrush,10
B0GGLXDQM8,coffee maker,13
B0GGPBR4YP,portable charger,3
B0GH7M2MPW,water bottle,22
B0GHWLZF39,gaming chair,12
B0GJ5HHTJT,monitor 27 inch,11
B0GJD6PHTZ,webcam HD,16
B0GJFXF52B,yamaha acoustic guitar,0
B0GK19NTQP,kitchen knife set,7
B0GK5WH85D,webcam HD,16
B0GK6Q7H3W,kitchen knife set,7
B0GK8NP71B,desk lamp LED,5
B0GKTWCLYZ,water bottle,9
B0GL17JVGJ,water bottle,22
B0GL2Q9SXV,t-shirt,2
B0GL99Y6ND,coffee maker,13
B0GLJ4P85L,USB-C hub,3
B0GLYVY43Y,phone stand,22
B0GM8RB7P7,budget laptop,14
B0GMLBSSTD,gaming mouse,17
B0GN8PWC9M,budget laptop,24
B0GPFKDGK8,notebook journal,14
B0GPNV3CTL,yamaha acoustic guitar,0
B0GQ3NZ83X,USB-C hub,3
B0GQB1LPTR,budget laptop,24
B0GQBYVN9W,coffee maker,13
B0GQGJ4YF5,kitchen knife set,7
B0GQWSKBLD,electric toothbrush,10
B0GR8NM59C,candle,8
B0GRVFY42Q,budget laptop,24
B0GRWVNYPN,smartwatch,9
B0GRYTYQL9,coffee maker,13
B0GS5QKBP2,gaming chair,12
B0GS5ZQYJF,sneakers,4
B0GSH59RLD,water bottle,9
B0GSPDRHW1,gaming chair,12
B0GSZBDJ85,phone case,23
B0GT6RLPMF,water bottle,8
B0GT7WSNS5,phone case,23
B0GT8YM7Y1,gaming chair,12
B0GT9BR934,desk lamp LED,5
B0GTDBXDZT,notebook journal,14
B0GTM35PHV,USB-C hub,3
B0GTV7FZJT,kitchen knife set,7
B0GTYJXMT7,water bottle,9
B0GVG4BF6W,water bottle,9
B0GVN98BP7,sunglasses,6
B0GVPKW5RG,budget laptop,24
B0GVPQNGS8,budget laptop,24
B0GVSM61BG,notebook journal,14
B0GVVTMTT9,water bottle,9
B0GVZYSLK2,gaming chair,12
B0GWDV1FL5,candle,8
B0GWGMHD1Y,water bottle,9
B0GWH4ZZ7T,USB-C hub,3
B0GWHGDFC6,gaming chair,12
B0GWKYMG6J,instant pot,7
B0GWPXKLHB,gaming mouse,17
B0GWVQCSZ9,sunglasses,6
B0GWWN7WCK,electric toothbrush,10
B0GX66CNNJ,budget laptop,24
B0GXBK19Z2,electric toothbrush,10
B0GXDJVWZX,desk lamp LED,5
B0GXDR1VWR,gaming chair,12
B0GXF38QL6,notebook journal,14
B0GXV4S23L,desk lamp LED,5
B0GXVTGXC2,gaming chair,12
B0GXZ39NBD,gaming chair,12
B0GXZ69S18,gaming chair,12
B0GY16ZXZV,budget laptop,24
B0GY1H4MBY,sneakers,4
B0GZNFHH9H,budget laptop,24
B0GZY5VR22,gaming mouse,17
B0GZZV98MG,desk lamp LED,5
B0GZZVM9DX,smartwatch,22
B0H12BW67D,yamaha acoustic guitar,0
B0H13SBHS1,candle,8
B0H14P6BZZ,portable charger,3
B0H14TPV1L,gaming chair,12
B0H1B7725K,kitchen knife set,7
B0H1FPJ2GG,gaming chair,12
B0H1RRYP7S,USB-C hub,3
B0H1YP71W7,water bottle,9
B0H25NYHZS,kitchen knife set,9
B0H28ZM4NL,yamaha acoustic guitar,0
B0H29DY269,kitchen knife set,10
B0H2DVMCR1,DSLR camera,19
B0H2LTLNM4,budget laptop,24
B0H2NBJ2RN,kitchen knife set,7
B0H2XG4DDJ,kitchen knife set,7
B0H33LG43X,portable charger,22
B0H38R57G6,gaming chair,12
B0H39G9P1K,DSLR camera,15
B0H3KB5CDG,t-shirt,2
B0H41M8Z7G,desk lamp LED,5
B0H42JFSHP,coffee maker,13
B0H431HLBT,water bottle,9
B0H45CW221,kitchen knife set,7
B0H46WV6X2,electric toothbrush,10
B0H46YSXY4,electric toothbrush,10
B0H48V9BDW,webcam HD,16
B0H49HVCPW,gaming chair,12
B0H4HQ9XFN,yamaha acoustic guitar,0
B0H4HT65QL,yamaha acoustic guitar,0
B0H4R27GJ9,gaming chair,12
B0H4SBT4SH,gaming mouse,17
B0H5BYV9JJ,desk lamp LED,5
B0H5FG8TL2,monitor 27 inch,11
B0H5FJXKRG,monitor 27 inch,11
B0H5HJRS1M,sneakers,4
B0H5Q9PBZ9,sneakers,4
B0H5QW4HQS,t-shirt,2
B0H5R2SYQF,air purifier,21
B0H5W2YR99,wireless earbuds,22
B0H5YDM8V5,water bottle,9
B0H691WC3S,air purifier,21
B0H697L1GC,sunglasses,6
B0H699TJC3,air purifier,21
B0H69QPFZ8,kitchen knife set,7
B0H6HX1RNG,coffee maker,13
B0H6M2J4GK,coffee maker,13
B0H6N6WRHK,water bottle,22
B0H6PZMQ1L,gaming chair,12
B0H6SD9317,gaming chair,12
B0H6ZWLNZ3,wireless earbuds,22
B0H6ZWS7BF,gaming chair,12
B0H7BR91VM,gaming chair,12
B0H7FJH1PK,candle,8
B0H7J63KND,t-shirt,2
B0H7R1LD7B,wireless earbuds,22
B0H7X6X3CR,bluetooth speaker,16
B0H7XF1D5Z,gaming chair,12
B0H82WWZ1D,gaming chair,12
B0H8DBTLV6,gaming chair,12
B0H8NBZD6F,portable charger,3
B0H8Y9LL1G,wireless earbuds,22
B0H94JPT4S,smartwatch,20
B0H9D5WDWV,budget laptop,24
B0H9LHWBDK,wireless earbuds,22
B0H9LRGB3B,wireless earbuds,16
B0H9QF7FYV,portable charger,3
B0H9R9NDSG,bluetooth speaker,9
B0H9XRR9K4,smartwatch,20
B0HBC62SVX,monitor 27 inch,11
B0HBNDKB2X,gaming chair,12
B0HBQ5M712,smartwatch,20
B0HBVXBZPZ,wireless earbuds,22
B0HBW8PTYN,wireless earbuds,22
B0HC34W1JG,phone stand,16
B0HC3RNGYP,instant pot,1
B0HC7CLS4G,kitchen knife set,7
B0HCMZP9H1,notebook journal,14
B0HDB6MTYJ,wireless earbuds,22
B0HDJ2BB9S,phone stand,22
B0HDN4SV8F,smartwatch,20
B0HDN8K6GB,bluetooth speaker,21
