asin,negative,neutral,positive,total_reviews
191445393X,0.0,0.0,100.0,13
8883707168,0.0,0.0,100.0,13
B00005IBX9,0.0,0.0,100.0,13
B00006IV0Q,15.4,7.7,76.9,13
B00009J580,15.4,0.0,84.6,13
B0006ZAU22,18.2,0.0,81.8,11
B000FDZJBM,7.7,0.0,92.3,13
B000GLN15O,0.0,0.0,100.0,13
B000OR2RNM,0.0,0.0,100.0,13
B000PRIPE6,0.0,7.7,92.3,13
B000RVYMWE,0.0,7.7,92.3,13
B000X1OOBW,7.7,7.7,84.6,13
B0012OGF6Q,11.1,11.1,77.8,9
B0014D8GTY,23.1,15.4,61.5,13
B0016R858U,0.0,0.0,100.0,8
B001L2MD2E,7.7,0.0,92.3,13
B001U0OWTO,9.1,18.2,72.7,11
B002FU6T8A,23.1,0.0,76.9,13
B002GHC19I,15.4,0.0,84.6,13
B002YI2IG0,23.1,0.0,76.9,13
B002YX0GAA,7.7,15.4,76.9,13
B002YX0GEQ,7.7,0.0,92.3,13
B002ZLYRNI,0.0,0.0,100.0,13
B0038WVR6I,7.7,0.0,92.3,13
B003GMP03Q,0.0,0.0,100.0,13
B003O2RXUQ,7.7,0.0,92.3,13
B003U31MXS,0.0,7.7,92.3,13
B003UHUO7O,7.7,7.7,84.6,13
B003UKM9CO,0.0,7.7,92.3,13
B003ZVXDCS,7.7,0.0,92.3,13
B00429KMH6,12.5,0.0,87.5,8
B004BXLVO6,7.7,7.7,84.6,13
B004U4UHTQ,0.0,0.0,100.0,13
B004VGIGVY,9.1,0.0,90.9,11
B006HFJA12,0.0,0.0,100.0,13
B007RWD11Y,7.7,7.7,84.6,13
B008BPI3AA,0.0,0.0,100.0,13
B008I2IKI6,0.0,7.7,92.3,13
B009NNZOEW,0.0,0.0,100.0,13
B009OGG8FW,8.3,0.0,91.7,12
B00AF7WUO2,15.4,7.7,76.9,13
B00AFWPVUC,0.0,0.0,100.0,13
B00AFWVHI2,0.0,7.7,92.3,13
B00CH9QWOU,7.7,0.0,92.3,13
B00D3OR58A,0.0,0.0,100.0,13
B00DJSRMBK,7.7,7.7,84.6,13
B00DWKEHU4,23.1,0.0,76.9,13
B00EI7DPPI,7.7,0.0,92.3,13
B00FLCQ7EU,7.7,15.4,76.9,13
B00FLYWNYQ,0.0,0.0,100.0,13
B00GHX5HGG,7.7,7.7,84.6,13
B00GIBKC3K,0.0,0.0,100.0,13
B00HVW5HP8,0.0,0.0,100.0,13
B00JUM7DNG,0.0,7.7,92.3,13
B00JUM8WDG,0.0,7.7,92.3,13
B00KBZOR9O,0.0,7.7,92.3,13
B00KSQ8ZNA,0.0,0.0,100.0,8
B00LSRU2JS,0.0,7.7,92.3,13
B00LZSJ642,0.0,0.0,100.0,13
B00LZSR3KQ,0.0,0.0,100.0,13
B00MVWGQX0,7.7,0.0,92.3,13
B00N4ZHPZ6,0.0,0.0,100.0,13
B00P9U2EM8,0.0,7.7,92.3,13
B00R3Z49G6,0.0,7.7,92.3,13
B00UC8FMYO,11.1,0.0,88.9,9
B00VTV7O2Q,7.7,7.7,84.6,13
B00W80Z87K,7.7,0.0,92.3,13
B00X7X2KIC,7.7,0.0,92.3,13
B0101RW3QK,0.0,0.0,100.0,8
B011HMDZ0Q,0.0,0.0,100.0,13
B011QQE1HE,0.0,0.0,100.0,13
B011WTM622,7.7,7.7,84.6,13
B011WTWIPW,0.0,7.7,92.3,13
B014GNJS22,0.0,0.0,100.0,13
B01728NLRG,15.4,0.0,84.6,13
B018UQ5AMS,0.0,7.7,92.3,13
B01ACCIEXA,25.0,0.0,75.0,8
B01AKGRTUM,0.0,0.0,100.0,13
B01ALYD1WI,0.0,0.0,100.0,13
B01B3GARVG,0.0,0.0,100.0,13
B01BHL3DCC,0.0,0.0,100.0,13
B01BU1S5HC,0.0,0.0,100.0,13
B01DN8TCEU,0.0,0.0,100.0,13
B01GJOMWVA,7.7,7.7,84.6,13
B01K6PAZ1M,0.0,0.0,100.0,13
B01KNM3HG8,0.0,7.7,92.3,13
B01LXCDPPK,0.0,0.0,100.0,13
B01LYQK0YX,0.0,7.7,92.3,13
B01LZSLIE2,7.7,0.0,92.3,13
B01M7TTA2S,7.7,0.0,92.3,13
B01N0RSC4K,15.4,15.4,69.2,13
B01N6T5QNO,15.4,7.7,76.9,13
B01NBKTPTS,0.0,0.0,100.0,13
B06XW1JQ1L,15.4,7.7,76.9,13
B06XXR7DCB,12.5,0.0,87.5,8
B06Y1YD5W7,0.0,0.0,100.0,13
B06Y5RTN1T,0.0,0.0,100.0,13
B06Y5ZCFHX,0.0,0.0,100.0,13
B071DVQLT2,0.0,7.7,92.3,13
B071NRXVBP,0.0,7.7,92.3,13
B071VJPRD4,0.0,0.0,100.0,13
B072HPWW1X,0.0,7.7,92.3,13
B072V8Y2C8,7.7,15.4,76.9,13
B0731NLT2S,30.8,0.0,69.2,13
B073K417VQ,0.0,7.7,92.3,13
B0744DM3Y3,0.0,0.0,100.0,13
B074XY7MTG,0.0,0.0,100.0,13
B075DVZBGV,7.7,0.0,92.3,13
B075F394ZS,15.4,15.4,69.2,13
B07611Y7N7,0.0,7.7,92.3,13
B07611ZQF1,0.0,7.7,92.3,13
B0763Q7K2W,0.0,0.0,100.0,8
B0767PWDQ4,7.7,7.7,84.6,13
B0768349VX,0.0,7.7,92.3,13
B07684BPLB,7.7,0.0,92.3,13
B0769KCQCB,0.0,0.0,100.0,5
B0778XY3DT,0.0,7.7,92.3,13
B077Z6Y9QF,0.0,7.7,92.3,13
B077ZF7B7R,0.0,7.7,92.3,13
B077ZNKJ3Z,0.0,7.7,92.3,13
B0785VXRX2,0.0,0.0,100.0,13
B0787P86ZZ,0.0,0.0,100.0,13
B078BF27BF,0.0,0.0,100.0,13
B078NN17K3,7.7,0.0,92.3,13
B078WMLXXG,15.4,0.0,84.6,13
B07982DFFD,22.2,11.1,66.7,9
B0799C1ZCG,0.0,0.0,100.0,13
B079CPJHJV,0.0,0.0,100.0,4
B079FRVSPH,7.7,0.0,92.3,13
B079K963KG,7.7,7.7,84.6,13
B07B3VQ8DY,0.0,0.0,100.0,13
B07B422G13,7.7,7.7,84.6,13
B07B45D8WV,7.7,0.0,92.3,13
B07BK5P5ST,0.0,0.0,100.0,13
B07BKLXNC7,0.0,7.7,92.3,13
B07C2Z21X5,0.0,0.0,100.0,13
B07CPW148Z,0.0,0.0,100.0,13
B07DMMG7QY,0.0,0.0,100.0,13
B07DNR6TKM,18.2,9.1,72.7,11
B07DPLQMF9,0.0,0.0,100.0,13
B07F2YJRN2,0.0,0.0,100.0,13
B07F8S18D5,0.0,0.0,100.0,13
B07FBC8P59,0.0,7.7,92.3,13
B07FYQP9ML,15.4,0.0,84.6,13
B07GKQKW7W,23.1,0.0,76.9,13
B07HRHBLJ4,0.0,0.0,100.0,13
B07J2NRG93,7.7,7.7,84.6,13
B07JCJMPVM,0.0,7.7,92.3,13
B07JCS8NRC,0.0,0.0,100.0,13
B07JR7Y8YD,0.0,15.4,84.6,13
B07K7J4CMY,0.0,0.0,100.0,13
B07K986YLL,0.0,0.0,100.0,8
B07KVRRFKF,0.0,7.7,92.3,13
B07L4JCG7T,0.0,7.7,92.3,13
B07L5P2J8D,15.4,7.7,76.9,13
B07M6Y7355,0.0,7.7,92.3,13
B07M989JLF,7.7,7.7,84.6,13
B07MN6G81X,7.7,7.7,84.6,13
B07MP3JFVW,0.0,0.0,100.0,13
B07MRD7118,0.0,0.0,100.0,13
B07MW4R1X3,7.7,7.7,84.6,13
B07N2F3JXP,0.0,0.0,100.0,13
B07NHW8Z3N,10.0,10.0,80.0,10
B07PBS21V8,23.1,15.4,61.5,13
B07PCSKGP7,12.5,0.0,87.5,8
B07PD2V88P,0.0,12.5,87.5,8
B07PF6ZVMZ,7.7,7.7,84.6,13
B07RZVN1G6,7.7,0.0,92.3,13
B07S98411N,0.0,0.0,100.0,8
B07TJXQ1TL,7.7,0.0,92.3,13
B07TZYL4ST,0.0,7.7,92.3,13
B07V4R4Z77,0.0,0.0,100.0,13
B07VT23JDM,0.0,0.0,100.0,8
B07VVK39F7,7.7,0.0,92.3,13
B07W3QT226,0.0,0.0,100.0,13
B07W46BX31,7.7,7.7,84.6,13
B07W8KJH44,7.7,0.0,92.3,13
B07XCQ3Z8H,0.0,0.0,100.0,13
B07XF8NT4C,0.0,0.0,100.0,13
B07XJLD2BL,0.0,0.0,100.0,12
B07XLTPC5L,0.0,0.0,100.0,13
B07YSQMBZN,7.7,7.7,84.6,13
B07YWLQ5F4,0.0,12.5,87.5,8
B07YXM6XTF,0.0,0.0,100.0,13
B07Z82895W,0.0,7.7,92.3,13
B07ZGDD6B1,0.0,0.0,100.0,13
B07ZHNKGVC,15.4,0.0,84.6,13
B07ZN5PKP7,0.0,7.7,92.3,13
B083QFCTTT,11.1,0.0,88.9,9
B0842RYHVB,0.0,0.0,100.0,13
B0842S56G8,0.0,0.0,100.0,13
B0849ZFBGS,7.7,0.0,92.3,13
B084BZH9PG,0.0,9.1,90.9,11
B084TM4XKG,7.7,0.0,92.3,13
B085DTZQNZ,0.0,0.0,100.0,13
B085TFF7M1,0.0,0.0,100.0,8
B0868HY623,0.0,0.0,100.0,8
B086KY66PJ,0.0,0.0,100.0,13
B086TTTZR5,0.0,0.0,100.0,13
B0874M3KW4,0.0,0.0,100.0,13
B087QZVQJX,7.7,0.0,92.3,13
B088D7XQYT,0.0,7.7,92.3,13
B088KRPCQJ,7.7,0.0,92.3,13
B0892TW82K,7.7,15.4,76.9,13
B08937RF9V,0.0,15.4,84.6,13
B089DJK1KF,0.0,7.7,92.3,13
B089P1LLFS,11.1,11.1,77.8,9
B089P25CQ1,11.1,11.1,77.8,9
B08B12P6CS,7.7,7.7,84.6,13
B08B3NHBJ4,7.7,0.0,92.3,13
B08DKQ3JG1,0.0,0.0,100.0,13
B08DTZM7LM,0.0,0.0,100.0,13
B08DY8GJN4,0.0,0.0,100.0,13
B08F2NB5PH,0.0,7.7,92.3,13
B08F2NSN4G,0.0,7.7,92.3,13
B08FC2VFLF,0.0,7.7,92.3,13
B08FDPW8KR,0.0,7.7,92.3,13
B08FJ678YK,7.7,0.0,92.3,13
B08FRT557T,0.0,7.7,92.3,13
B08GL4CW3B,7.7,7.7,84.6,13
B08HW4HX66,7.7,0.0,92.3,13
B08KCVRL2V,0.0,0.0,100.0,8
B08KPJ76RR,0.0,0.0,100.0,13
B08KSHWYL2,0.0,0.0,100.0,13
B08PPZWNCV,7.7,0.0,92.3,13
B08PQ2KWHS,7.7,0.0,92.3,13
B08QBJTHM6,0.0,0.0,100.0,13
B08QCFV6ZJ,0.0,7.7,92.3,13
B08QD33PZ2,15.4,0.0,84.6,13
B08QZSN97Z,0.0,7.7,92.3,13
B08R794ZMX,0.0,0.0,100.0,13
B08SK4DMHR,0.0,0.0,100.0,11
B08T983G11,0.0,0.0,100.0,13
B08TMTJZ8L,15.4,0.0,84.6,13
B08VJ25PL1,15.4,15.4,69.2,13
B08VJLYQ5D,7.7,7.7,84.6,13
B08W1YKCH5,7.7,7.7,84.6,13
B08WSTTCMG,33.3,0.0,66.7,12
B08XZ3HWF3,0.0,12.5,87.5,8
B08YFF5MXX,0.0,0.0,100.0,13
B08YMKNDNY,0.0,0.0,100.0,11
B08YNMTT2D,0.0,0.0,100.0,12
B08Z6X4NK3,0.0,7.7,92.3,13
B092CB69Q4,15.4,0.0,84.6,13
B092RCLKHN,7.7,0.0,92.3,13
B093121LW9,0.0,0.0,100.0,13
B093QHHV2C,15.4,7.7,76.9,13
B093QLCCWR,7.7,0.0,92.3,13
B093TSRPQM,0.0,7.7,92.3,13
B093WB7PZV,0.0,7.7,92.3,13
B094PS5RZQ,0.0,0.0,100.0,13
B09715G57M,46.2,0.0,53.8,13
B09726KT4R,7.7,7.7,84.6,13
B097GVX9W9,0.0,0.0,100.0,13
B09861YKDM,0.0,15.4,84.6,13
B098CHH298,7.7,0.0,92.3,13
B098F5CC4N,27.3,0.0,72.7,11
B098Q74F7K,7.7,7.7,84.6,13
B0991MYYH3,0.0,0.0,100.0,11
B0995MYSRN,0.0,0.0,100.0,13
B099JVC9HL,0.0,0.0,100.0,13
B099MV5XMX,10.0,10.0,80.0,10
B099XVDV91,7.7,7.7,84.6,13
B09B4ML4HZ,7.7,7.7,84.6,13
B09B7WRM8P,0.0,0.0,100.0,13
B09B8V1LZ3,0.0,0.0,100.0,8
B09B9CD1YB,0.0,0.0,100.0,8
B09BQSYYHC,0.0,7.7,92.3,13
B09C13PZX7,0.0,0.0,100.0,13
B09D51Z5TR,7.7,0.0,92.3,13
B09D9XLZ3Q,23.1,7.7,69.2,13
B09DVGV7BH,0.0,0.0,100.0,13
B09F5JHKTL,15.4,15.4,69.2,13
B09F5L2XWZ,0.0,0.0,100.0,11
B09F5XQDYJ,8.3,8.3,83.3,12
B09FJSJQ95,0.0,0.0,100.0,13
B09FPFR2WY,0.0,0.0,100.0,13
B09FT58QQP,0.0,0.0,100.0,13
B09G1TPWBQ,0.0,7.7,92.3,13
B09G3FZG1H,15.4,0.0,84.6,13
B09GM8Y8BN,0.0,0.0,100.0,13
B09GTRVJQM,0.0,0.0,100.0,13
B09H3NJX44,0.0,15.4,84.6,13
B09HCX9BTV,0.0,0.0,100.0,13
B09J4V4XFM,15.4,0.0,84.6,13
B09JYJ6JKH,33.3,11.1,55.6,9
B09LD7WRVS,0.0,0.0,100.0,13
B09LD8PTNJ,15.4,0.0,84.6,13
B09LD8T445,0.0,15.4,84.6,13
B09LD8VFS1,7.7,7.7,84.6,13
B09LD8VXLX,0.0,0.0,100.0,13
B09LK1P1RD,15.4,7.7,76.9,13
B09LM1P132,0.0,0.0,100.0,11
B09M7KJJF6,7.7,0.0,92.3,13
B09MCKK9NX,0.0,0.0,100.0,13
B09MFBNTG3,0.0,0.0,100.0,13
B09MQWWP87,23.1,0.0,76.9,13
B09MZTSSR2,12.5,0.0,87.5,8
B09Q5KPFXM,7.7,7.7,84.6,13
B09RZM9HDS,0.0,7.7,92.3,13
B09S3HNMHF,7.7,0.0,92.3,13
B09SVSBVP1,12.5,0.0,87.5,8
B09T3R7H91,0.0,7.7,92.3,13
B09T9PXW35,11.1,0.0,88.9,9
B09TQLWNL1,15.4,7.7,76.9,13
B09TQY66NH,0.0,0.0,100.0,13
B09TR4Y91J,0.0,0.0,100.0,13
B09WVGDGYK,22.2,11.1,66.7,9
B09WVZMKWG,0.0,0.0,100.0,13
B09XBTK1M3,0.0,0.0,100.0,13
B09XRGG5NV,0.0,0.0,100.0,13
B09XVKZD34,0.0,0.0,100.0,12
B09XVLKGFT,0.0,0.0,100.0,12
B09Y638YHD,0.0,0.0,100.0,8
B09YBLCL41,0.0,0.0,100.0,13
B09YD8VLN3,12.5,0.0,87.5,8
B09YV633PL,0.0,0.0,100.0,13
B09ZKSJ59Q,0.0,15.4,84.6,13
B09ZRN1N3Z,0.0,0.0,100.0,13
B0B2ZLGLF3,0.0,7.7,92.3,13
B0B3DS23NB,0.0,7.7,92.3,13
B0B3XKHTR1,0.0,7.7,92.3,13
B0B41D4PR1,0.0,7.7,92.3,13
B0B4DKQSDV,0.0,9.1,90.9,11
B0B4ZSKPNL,15.4,7.7,76.9,13
B0B5HRWH1S,7.7,0.0,92.3,13
B0B5HSNPNH,15.4,0.0,84.6,13
B0B5HVM6JX,7.7,7.7,84.6,13
B0B5YPHMW8,30.8,0.0,69.2,13
B0B5YPZS45,15.4,0.0,84.6,13
B0B69LJ3BD,11.1,11.1,77.8,9
B0B6JTYB49,7.7,0.0,92.3,13
B0B6KKXWQV,0.0,7.7,92.3,13
B0B74P7X31,12.5,0.0,87.5,8
B0B7CX57F4,0.0,100.0,0.0,1
B0B7NGBTKH,7.7,7.7,84.6,13
B0B89H61L5,7.7,15.4,76.9,13
B0B9BLHWB8,7.7,15.4,76.9,13
B0B9BN89HB,0.0,0.0,100.0,13
B0B9RQJFDV,0.0,0.0,100.0,13
B0B9T4KCV7,0.0,0.0,100.0,13
B0BB1SJ1B5,0.0,0.0,100.0,10
B0BB5ZBT42,0.0,0.0,100.0,10
B0BBMK7RCF,0.0,15.4,84.6,13
B0BBS8CTH2,0.0,0.0,100.0,13
B0BCDKP34B,0.0,7.7,92.3,13
B0BFJ4CRKD,7.7,0.0,92.3,13
B0BFQLRHTJ,0.0,0.0,100.0,11
B0BFX95J5P,0.0,0.0,100.0,13
B0BGPF71Q6,7.7,0.0,92.3,13
B0BHBP1X1B,0.0,0.0,100.0,13
B0BHX8JVNH,10.0,20.0,70.0,10
B0BJPN1Y3H,0.0,0.0,100.0,13
B0BKGPYDSZ,7.7,0.0,92.3,13
B0BKSKCYX7,7.7,7.7,84.6,13
B0BL7ZVY78,0.0,0.0,100.0,13
B0BL9F5S6R,7.7,7.7,84.6,13
B0BLLCJ963,15.4,0.0,84.6,13
B0BM3C13B6,7.7,0.0,92.3,13
B0BN2LZ9JH,0.0,0.0,100.0,13
B0BN2TWDZ5,0.0,7.7,92.3,13
B0BN6RRD5V,23.1,7.7,69.2,13
B0BN81XGG7,12.5,12.5,75.0,8
B0BNDM2RNG,0.0,0.0,100.0,13
B0BNHNG5CY,0.0,0.0,100.0,13
B0BNJWWR3S,7.7,7.7,84.6,13
B0BP69FS5K,30.8,0.0,69.2,13
B0BPYCHYP9,7.7,15.4,76.9,13
B0BR3M8XHK,0.0,0.0,100.0,13
B0BR5JHB3Z,0.0,15.4,84.6,13
B0BRCJL4MM,0.0,0.0,100.0,13
B0BRKPVZB4,8.3,0.0,91.7,12
B0BS17GYRM,11.1,11.1,77.8,9
B0BT8K88SR,0.0,0.0,100.0,13
B0BTTV6CT1,7.7,0.0,92.3,13
B0BTV6X42F,0.0,0.0,100.0,9
B0BVCXZL45,25.0,0.0,75.0,12
B0BVFLK3YV,7.7,7.7,84.6,13
B0BVG2WPX6,0.0,0.0,100.0,9
B0BW2TLQ8S,0.0,0.0,100.0,13
B0BW91HX7D,0.0,0.0,100.0,10
B0BWTW5DX2,0.0,7.7,92.3,13
B0BX3X6VDQ,0.0,0.0,100.0,13
B0BXBC26X8,0.0,0.0,100.0,13
B0BXFHW91M,7.7,7.7,84.6,13
B0BXN2J619,7.7,0.0,92.3,13
B0BXX1TJC8,0.0,0.0,100.0,13
B0BY27XSJ3,7.7,0.0,92.3,13
B0BY2Q3Q4K,7.7,0.0,92.3,13
B0BYYHSMHS,23.1,0.0,76.9,13
B0BZ3F5DCM,0.0,0.0,100.0,8
B0BZHR5KC9,0.0,0.0,100.0,13
B0BZRZGJDL,0.0,0.0,100.0,13
B0BZWT5FRR,0.0,0.0,100.0,13
B0BZXTB2RJ,15.4,0.0,84.6,13
B0BZYBP74R,0.0,0.0,100.0,13
B0BZYCJK89,0.0,0.0,100.0,13
B0BZZT7D5V,7.7,0.0,92.3,13
B0C13GFY7N,0.0,0.0,100.0,11
B0C1DZKS8J,0.0,0.0,100.0,13
B0C1NDGV2S,7.7,7.7,84.6,13
B0C1YBPJ43,15.4,0.0,84.6,13
B0C1Z48WKW,0.0,0.0,100.0,13
B0C1Z64LJR,15.4,0.0,84.6,13
B0C23S36QF,7.7,0.0,92.3,13
B0C2HGLLM5,7.7,15.4,76.9,13
B0C2JK9Y8V,7.7,7.7,84.6,13
B0C2JZMCPC,0.0,7.7,92.3,13
B0C35HNPW9,0.0,0.0,100.0,13
B0C3C1HYY7,7.7,0.0,92.3,13
B0C3M87K71,0.0,0.0,100.0,8
B0C4BZ28PG,12.5,12.5,75.0,8
B0C4JTPPYY,9.1,0.0,90.9,11
B0C4JV31PH,9.1,0.0,90.9,11
B0C4Y32M4S,0.0,7.7,92.3,13
B0C51934VF,0.0,0.0,100.0,13
B0C572T6G5,0.0,12.5,87.5,8
B0C5PGRP7V,0.0,0.0,100.0,13
B0C6LNFHTP,0.0,0.0,100.0,13
B0C7H3MSVJ,0.0,0.0,100.0,13
B0C7KYKTL5,11.1,11.1,77.8,9
B0C8171GTK,20.0,0.0,80.0,10
B0C8B9V7HR,0.0,0.0,100.0,13
B0C8HHV9DK,0.0,0.0,100.0,13
B0C8JZ57R1,0.0,0.0,100.0,13
B0C8QYB8W6,7.7,7.7,84.6,13
B0C8ZJNZY8,16.7,0.0,83.3,12
B0C9LP36Q5,0.0,0.0,100.0,13
B0C9ZJHQHM,0.0,0.0,100.0,13
B0CB1BNBY7,7.7,7.7,84.6,13
B0CB22K9LZ,0.0,0.0,100.0,13
B0CB9PF1N6,0.0,0.0,100.0,8
B0CBLY5GWQ,7.7,0.0,92.3,13
B0CBTWV1RZ,0.0,7.7,92.3,13
B0CBWXCS6B,0.0,25.0,75.0,4
B0CC1F4V7Q,0.0,0.0,100.0,13
B0CC1F7SDR,0.0,0.0,100.0,13
B0CC1FTGMB,0.0,0.0,100.0,13
B0CCF6J2Q6,0.0,7.7,92.3,13
B0CD9NXQXR,0.0,0.0,100.0,8
B0CDGLMN8S,0.0,0.0,100.0,7
B0CDL2V8KX,0.0,0.0,100.0,10
B0CDPLYPXB,7.7,7.7,84.6,13
B0CDQ81X9T,0.0,7.7,92.3,13
B0CDZJJC48,15.4,0.0,84.6,13
B0CF3VGQFL,7.7,7.7,84.6,13
B0CF4DJM7F,7.7,0.0,92.3,13
B0CF4L9LPR,0.0,7.7,92.3,13
B0CFVDX4HT,7.7,0.0,92.3,13
B0CFXNZ26Z,0.0,0.0,100.0,8
B0CG28KM9Y,0.0,7.7,92.3,13
B0CG6NBJ61,0.0,0.0,100.0,13
B0CG6NR413,0.0,0.0,100.0,13
B0CG6TN45R,0.0,15.4,84.6,13
B0CG6V2XGS,0.0,15.4,84.6,13
B0CGCH8223,15.4,0.0,84.6,13
B0CGCLFTRX,0.0,0.0,100.0,13
B0CGCMS31N,0.0,7.7,92.3,13
B0CGT6ZRGJ,7.7,15.4,76.9,13
B0CH455W8X,0.0,0.0,100.0,13
B0CH8YYMPK,0.0,0.0,100.0,8
B0CHGVV5L7,0.0,0.0,100.0,13
B0CHGWX7HG,0.0,0.0,100.0,13
B0CHHSFMRL,0.0,8.3,91.7,12
B0CHJ1TN7H,0.0,7.7,92.3,13
B0CHYWN5W6,0.0,12.5,87.5,8
B0CJHZ92P6,7.7,0.0,92.3,13
B0CJM6WYZ8,0.0,0.0,100.0,13
B0CKXSGV8F,7.7,0.0,92.3,13
B0CL7RDRRT,0.0,7.7,92.3,13
B0CLFFB8MH,7.7,7.7,84.6,13
B0CLH89X2K,0.0,8.3,91.7,12
B0CLLHSWRL,0.0,0.0,100.0,13
B0CM44GT41,23.1,0.0,76.9,13
B0CMM89Y6Z,7.7,0.0,92.3,13
B0CMQLKP9J,7.7,7.7,84.6,13
B0CN1JGYKQ,10.0,0.0,90.0,10
B0CN1L2BG8,0.0,0.0,100.0,4
B0CN3F9Y1Z,0.0,0.0,100.0,13
B0CN3T7NZ5,0.0,0.0,100.0,11
B0CNCY18SW,0.0,7.7,92.3,13
B0CNK1JWPV,12.5,0.0,87.5,8
B0CNTH3F7P,11.1,0.0,88.9,9
B0CNZS9RRB,0.0,7.7,92.3,13
B0CP22DQQS,0.0,15.4,84.6,13
B0CP2DT6SH,0.0,0.0,100.0,13
B0CP5QXC1H,0.0,0.0,100.0,13
B0CP8QM3R1,23.1,7.7,69.2,13
B0CP9YB3Q4,0.0,0.0,100.0,13
B0CPLT23TZ,0.0,7.7,92.3,13
B0CQ2MSP2B,0.0,0.0,100.0,13
B0CQ3ZGKP3,15.4,7.7,76.9,13
B0CQ53RVTW,0.0,0.0,100.0,13
B0CQJVSL1Z,0.0,7.7,92.3,13
B0CQVWW5QK,7.7,0.0,92.3,13
B0CR6BWHQN,23.1,7.7,69.2,13
B0CR6JBJDH,7.7,7.7,84.6,13
B0CR7L79Q2,0.0,12.5,87.5,8
B0CRB4K3DW,0.0,0.0,100.0,9
B0CRH87MK9,0.0,0.0,100.0,8
B0CRQX9R5H,7.7,0.0,92.3,13
B0CRY97FPB,0.0,0.0,100.0,8
B0CS2WQML6,0.0,0.0,100.0,13
B0CSDRZSGG,0.0,0.0,100.0,13
B0CSM2MJ55,7.7,0.0,92.3,13
B0CSYYKB97,0.0,0.0,100.0,13
B0CT4H26HR,10.0,0.0,90.0,10
B0CT4HX4T9,10.0,0.0,90.0,10
B0CTCLBST5,0.0,0.0,100.0,13
B0CTJ4P8CH,7.7,7.7,84.6,13
B0CTJGJL2T,0.0,0.0,100.0,13
B0CVL1K7DX,7.7,0.0,92.3,13
B0CW3VWC3X,7.7,0.0,92.3,13
B0CW5ZVKSX,0.0,7.7,92.3,13
B0CW6KY2ZK,100.0,0.0,0.0,1
B0CWGJZ35S,0.0,7.7,92.3,13
B0CWRCCFTM,7.7,7.7,84.6,13
B0CWS28VK1,7.7,0.0,92.3,13
B0CX1FRR27,0.0,0.0,100.0,8
B0CX1RDX77,0.0,7.7,92.3,13
B0CXHNGDC1,0.0,0.0,100.0,13
B0CXJ97TV1,8.3,0.0,91.7,12
B0CXJHCVHZ,0.0,11.1,88.9,9
B0CY2C7H6S,0.0,0.0,100.0,13
B0CYQ5P6T7,0.0,7.7,92.3,13
B0CZ53DPHR,0.0,0.0,100.0,11
B0CZ87MBS6,0.0,0.0,100.0,13
B0CZL55GR7,0.0,0.0,100.0,13
B0CZMPX2PW,0.0,0.0,100.0,13
B0CZQCTD4K,7.7,7.7,84.6,13
B0D14N2QZF,0.0,0.0,100.0,13
B0D1D8BRK2,7.7,7.7,84.6,13
B0D1DGYSFR,0.0,0.0,100.0,3
B0D1DLY4H4,7.7,0.0,92.3,13
B0D1DRYBTN,23.1,0.0,76.9,13
B0D1KDFG6J,0.0,0.0,100.0,13
B0D1KHCHZP,0.0,0.0,100.0,13
B0D1QY8PL6,0.0,0.0,100.0,8
B0D1XLNWP2,0.0,7.7,92.3,13
B0D28Q1NFB,7.7,7.7,84.6,13
B0D2HJDH94,7.7,7.7,84.6,13
B0D2LGK82V,0.0,25.0,75.0,8
B0D2PKRQSN,0.0,7.7,92.3,13
B0D2PNMDJZ,11.1,11.1,77.8,9
B0D2W136D1,0.0,12.5,87.5,8
B0D2X2KP7Q,0.0,0.0,100.0,13
B0D31VM76T,0.0,7.7,92.3,13
B0D41XL87F,0.0,0.0,100.0,13
B0D44Y2NSF,0.0,0.0,100.0,13
B0D45PK5V4,0.0,0.0,100.0,13
B0D47CZT4G,15.4,7.7,76.9,13
B0D4DG2CG2,11.1,0.0,88.9,9
B0D4QVHWPJ,0.0,0.0,100.0,13
B0D4TKP2M1,7.7,0.0,92.3,13
B0D5CHZYP6,7.7,7.7,84.6,13
B0D5FYJBT9,0.0,0.0,100.0,13
B0D5MTX69F,7.7,15.4,76.9,13
B0D5R69MPV,0.0,11.1,88.9,9
B0D63KYHHH,12.5,12.5,75.0,8
B0D6SX8VLQ,0.0,7.7,92.3,13
B0D6W1GQ6X,11.1,11.1,77.8,9
B0D6W8GSL3,0.0,0.0,100.0,13
B0D6WB7BV6,0.0,0.0,100.0,13
B0D6WD2QSQ,0.0,0.0,100.0,13
B0D7H21MNQ,12.5,0.0,87.5,8
B0D7VG4754,0.0,0.0,100.0,13
B0D842FXFX,0.0,0.0,100.0,8
B0D8J2ZB8P,0.0,0.0,100.0,13
B0D8LH2VSP,7.7,0.0,92.3,13
B0D8LXRHQ8,7.7,0.0,92.3,13
B0D8VR4BTZ,7.7,7.7,84.6,13
B0D97BWLZ4,9.1,0.0,90.9,11
B0D9849WQD,15.4,7.7,76.9,13
B0D9B96TBX,0.0,0.0,100.0,8
B0D9MK23S7,0.0,0.0,100.0,12
B0D9QFRJMX,0.0,7.7,92.3,13
B0D9R4GYTN,7.7,15.4,76.9,13
B0D9R7Q449,7.7,0.0,92.3,13
B0D9VPSQM7,15.4,7.7,76.9,13
B0D9VS4PV7,7.7,0.0,92.3,13
B0DB4W8FB1,0.0,0.0,100.0,13
B0DB9Q5G3R,0.0,7.7,92.3,13
B0DBHTL3CN,15.4,15.4,69.2,13
B0DBJSS5LD,0.0,0.0,100.0,13
B0DBRDW93D,0.0,11.1,88.9,9
B0DBW1BN5C,12.5,12.5,75.0,8
B0DBZGH5XM,0.0,0.0,100.0,13
B0DCBC8KKV,7.7,7.7,84.6,13
B0DCCJZC9F,23.1,0.0,76.9,13
B0DCHXTGRN,18.2,18.2,63.6,11
B0DCKP1VJF,0.0,0.0,100.0,13
B0DCVKYQ99,0.0,7.7,92.3,13
B0DCVP49FN,0.0,0.0,100.0,13
B0DD41G2NZ,0.0,7.7,92.3,13
B0DDXYDSLM,0.0,0.0,100.0,8
B0DFH8SNK5,0.0,0.0,100.0,13
B0DFS1CX46,0.0,7.7,92.3,13
B0DFYHDMT2,7.7,7.7,84.6,13
B0DFZG4CR3,7.7,15.4,76.9,13
B0DG36YPZM,0.0,0.0,100.0,13
B0DGFXBFCT,7.7,0.0,92.3,13
B0DGG5W4FK,7.7,0.0,92.3,13
B0DGHQWVDQ,7.7,0.0,92.3,13
B0DGK8TG51,12.5,12.5,75.0,8
B0DHCJDJBW,25.0,16.7,58.3,12
B0DHLN4322,7.7,0.0,92.3,13
B0DHRYBNDG,0.0,8.3,91.7,12
B0DHWXM4J5,0.0,12.5,87.5,8
B0DJ74H464,7.7,0.0,92.3,13
B0DJFBF3SH,7.7,7.7,84.6,13
B0DJFJFSZ5,7.7,7.7,84.6,13
B0DJG1731C,15.4,0.0,84.6,13
B0DJNFSHMQ,0.0,0.0,100.0,8
B0DJNJBVWG,0.0,20.0,80.0,10
B0DJPYN19Z,7.7,7.7,84.6,13
B0DK44759Y,0.0,0.0,100.0,13
B0DKMHKDK3,0.0,7.7,92.3,13
B0DKT8BB4M,0.0,0.0,100.0,13
B0DL32P26S,11.1,11.1,77.8,9
B0DL86NC5Z,15.4,0.0,84.6,13
B0DL8W99LM,11.1,0.0,88.9,9
B0DLCG65B5,0.0,0.0,100.0,13
B0DLLGG2Z8,0.0,0.0,100.0,13
B0DLN1G7G6,41.7,8.3,50.0,12
B0DM1Z72WC,0.0,11.1,88.9,9
B0DM373GVL,7.7,7.7,84.6,13
B0DM6SNBGM,0.0,0.0,100.0,8
B0DMKBGWMP,15.4,0.0,84.6,13
B0DMR1K61R,0.0,12.5,87.5,8
B0DMVK2DFN,0.0,12.5,87.5,8
B0DNF673KY,0.0,12.5,87.5,8
B0DNLDKY3S,12.5,0.0,87.5,8
B0DNMLK6SC,15.4,0.0,84.6,13
B0DNNWJ1LL,0.0,12.5,87.5,8
B0DP38DKQM,7.7,7.7,84.6,13
B0DP3VPWN3,100.0,0.0,0.0,1
B0DP42G526,7.7,0.0,92.3,13
B0DP74YCXR,0.0,12.5,87.5,8
B0DP7C3XK9,0.0,0.0,100.0,8
B0DPKW5JPR,7.7,7.7,84.6,13
B0DPNJVG1Z,23.1,0.0,76.9,13
B0DQ22GPKD,23.1,7.7,69.2,13
B0DQ7QVDKL,0.0,0.0,100.0,8
B0DQSJM8SX,0.0,0.0,100.0,13
B0DQTRH3V4,0.0,0.0,100.0,10
B0DR31TG5X,25.0,0.0,75.0,8
B0DR9PVSC9,0.0,0.0,100.0,13
B0DRWLLLM9,7.7,0.0,92.3,13
B0DS279YBH,0.0,12.5,87.5,8
B0DSC5WL37,9.1,9.1,81.8,11
B0DSGGRQG3,0.0,7.7,92.3,13
B0DSPJPRXD,0.0,12.5,87.5,8
B0DT1CZ58V,0.0,7.7,92.3,13
B0DT1H3CR1,7.7,7.7,84.6,13
B0DT43NNNF,0.0,7.7,92.3,13
B0DT6Z3R4F,7.7,7.7,84.6,13
B0DTKCYBR5,15.4,0.0,84.6,13
B0DTP745KH,0.0,0.0,100.0,13
B0DTVQN7KM,11.1,0.0,88.9,9
B0DVCBYMQY,12.5,12.5,75.0,8
B0DW624GXR,12.5,12.5,75.0,8
B0DWBJ6CM1,46.2,0.0,53.8,13
B0DWMX5TXV,0.0,0.0,100.0,13
B0DXFFY4YV,0.0,0.0,100.0,13
B0DXJQT19B,0.0,0.0,100.0,13
B0DY2SWV16,7.7,0.0,92.3,13
B0DY6ZP7YW,15.4,7.7,76.9,13
B0DYF64BV2,0.0,0.0,100.0,13
B0DYJKTHYF,0.0,0.0,100.0,13
B0DYMW78WD,0.0,0.0,100.0,8
B0DYP3J5BW,0.0,0.0,100.0,8
B0DYV736NT,0.0,7.7,92.3,13
B0DZ1TGX6T,7.7,0.0,92.3,13
B0DZ26C4PN,12.5,12.5,75.0,8
B0DZ28ZGYL,0.0,23.1,76.9,13
B0DZCLTHW7,25.0,12.5,62.5,8
B0DZNMWKXH,7.7,0.0,92.3,13
B0F1D7P51F,0.0,7.7,92.3,13
B0F1TBXD8B,7.7,7.7,84.6,13
B0F1XKYJFD,0.0,0.0,100.0,9
B0F21DH46Q,0.0,12.5,87.5,8
B0F21J9J7V,0.0,0.0,100.0,13
B0F21R24VX,18.2,9.1,72.7,11
B0F21SSY1N,25.0,12.5,62.5,8
B0F22BR222,0.0,0.0,100.0,8
B0F28L2J8G,0.0,7.7,92.3,13
B0F29LH9HP,0.0,0.0,100.0,8
B0F2G217VL,12.5,12.5,75.0,8
B0F2WMS7CC,0.0,0.0,100.0,13
B0F31Z2349,0.0,11.1,88.9,9
B0F32L1MCQ,25.0,0.0,75.0,12
B0F3DPXQP1,7.7,0.0,92.3,13
B0F3DR5P2W,0.0,0.0,100.0,13
B0F3DRTCB2,23.1,0.0,76.9,13
B0F3DSJZ5H,0.0,8.3,91.7,12
B0F3F2XPW1,0.0,0.0,100.0,11
B0F3HVY1JY,7.7,0.0,92.3,13
B0F3J7H7QR,7.7,0.0,92.3,13
B0F3KWZQ61,15.4,7.7,76.9,13
B0F3VWFB3K,0.0,12.5,87.5,8
B0F44147Z9,0.0,0.0,100.0,8
B0F4MZBZRH,7.7,7.7,84.6,13
B0F4WY29V3,0.0,0.0,100.0,8
B0F53SQRH4,46.2,7.7,46.2,13
B0F5BH3Z9T,0.0,0.0,100.0,10
B0F5GQQKG7,0.0,7.7,92.3,13
B0F5HSNDXF,15.4,7.7,76.9,13
B0F5JFTR1Q,7.7,0.0,92.3,13
B0F5S3SQJK,0.0,0.0,100.0,8
B0F66HVPDY,12.5,12.5,75.0,8
B0F6DDHYVK,0.0,12.5,87.5,8
B0F6NFHB31,7.7,7.7,84.6,13
B0F6WBLG4W,11.1,0.0,88.9,9
B0F72ZCGWB,20.0,30.0,50.0,10
B0F7Q5RB96,8.3,0.0,91.7,12
B0F83YR84S,0.0,11.1,88.9,9
B0F8DY4QKQ,7.7,0.0,92.3,13
B0F8HF7X28,0.0,11.1,88.9,9
B0F8HWPP54,0.0,8.3,91.7,12
B0F8Q8KLT5,7.7,0.0,92.3,13
B0F8QZ7233,7.7,0.0,92.3,13
B0F991PB6N,0.0,7.7,92.3,13
B0F9B923NC,0.0,0.0,100.0,13
B0F9BD5M2K,0.0,0.0,100.0,13
B0F9L7N1FY,0.0,15.4,84.6,13
B0F9LRK6SS,0.0,0.0,100.0,13
B0F9NXFRR6,0.0,0.0,100.0,8
B0F9P519ZM,12.5,0.0,87.5,8
B0F9WDY38C,0.0,0.0,100.0,8
B0F9YFX3QN,0.0,7.7,92.3,13
B0FB349R8G,0.0,0.0,100.0,13
B0FBFM72F2,0.0,7.7,92.3,13
B0FBQZ5CYD,7.7,7.7,84.6,13
B0FBWHDDFT,0.0,0.0,100.0,7
B0FC2PYBBD,0.0,0.0,100.0,13
B0FCS5W2WL,0.0,7.7,92.3,13
B0FDR5YWM6,7.7,0.0,92.3,13
B0FF7Q8DX8,0.0,12.5,87.5,8
B0FFGK32C5,0.0,7.7,92.3,13
B0FFN4JDNP,23.1,0.0,76.9,13
B0FFTL7QNC,0.0,0.0,100.0,13
B0FG5TDTNT,0.0,0.0,100.0,13
B0FG632MT5,12.5,0.0,87.5,8
B0FG7Q1X5B,12.5,25.0,62.5,8
B0FG7W8LP3,0.0,7.7,92.3,13
B0FG7XJWLM,0.0,0.0,100.0,13
B0FGC514QH,7.7,23.1,69.2,13
B0FGCLY8J2,0.0,0.0,100.0,13
B0FH25Z9W3,15.4,7.7,76.9,13
B0FHPRCD75,15.4,7.7,76.9,13
B0FHSC6SPM,46.2,0.0,53.8,13
B0FHWGB7FW,7.7,7.7,84.6,13
B0FHXY7VZ5,0.0,0.0,100.0,13
B0FJ1M2J1S,0.0,0.0,100.0,8
B0FJ891D8Y,30.0,20.0,50.0,10
B0FJ9YL548,0.0,0.0,100.0,9
B0FK1CDVHB,0.0,0.0,100.0,13
B0FKBGLZRL,0.0,0.0,100.0,13
B0FKGRDJ6T,0.0,16.7,83.3,6
B0FLBZL614,0.0,33.3,66.7,3
B0FLDWKJDM,11.1,22.2,66.7,9
B0FLJLV8WN,0.0,7.7,92.3,13
B0FLJYT87N,0.0,7.7,92.3,13
B0FLM15Q5L,0.0,0.0,100.0,13
B0FM83SLTL,0.0,0.0,100.0,8
B0FMB4ZY6F,0.0,0.0,100.0,13
B0FMB7M8JB,7.7,7.7,84.6,13
B0FMKFTGDJ,0.0,0.0,100.0,6
B0FMSTSYL7,15.4,0.0,84.6,13
B0FMYTCWLK,0.0,0.0,100.0,9
B0FN3JSVNZ,7.7,0.0,92.3,13
B0FN3S7LKG,0.0,0.0,100.0,13
B0FNRXZV67,0.0,0.0,100.0,13
B0FPRHR6XZ,23.1,7.7,69.2,13
B0FRFW6VYR,0.0,0.0,100.0,8
B0FRMS6KF3,0.0,12.5,87.5,8
B0FRS7SVR7,0.0,0.0,100.0,8
B0FS1V6XZD,12.5,12.5,75.0,8
B0FSKL8NH1,0.0,0.0,100.0,13
B0FTL9CR3T,0.0,0.0,100.0,1
B0FTZZYP24,0.0,0.0,100.0,13
B0FV8J9YT2,12.5,0.0,87.5,8
B0FVTJN9Y2,66.7,0.0,33.3,3
B0FVXYDGK1,12.5,0.0,87.5,8
B0FW4M379J,33.3,0.0,66.7,3
B0FWC3F2M1,0.0,0.0,100.0,8
B0FWJFFRJH,0.0,7.7,92.3,13
B0FWM4HWBM,22.2,0.0,77.8,9
B0FWQK7TBQ,0.0,7.7,92.3,13
B0FWQZNYQX,0.0,7.7,92.3,13
B0FWR4VJ87,15.4,7.7,76.9,13
B0FX44YTGC,0.0,0.0,100.0,1
B0FX9FVSXQ,0.0,12.5,87.5,8
B0FXBY6BVL,7.7,0.0,92.3,13
B0FXX4Q21N,11.1,0.0,88.9,9
B0FXX83W1H,11.1,11.1,77.8,9
B0FZQD1M8C,25.0,12.5,62.5,8
B0G11F8FHR,7.7,0.0,92.3,13
B0G12HGHGM,7.7,0.0,92.3,13
B0G13RQ2SZ,7.7,0.0,92.3,13
B0G1PJLWLZ,0.0,0.0,100.0,13
B0G29MV7GK,0.0,0.0,100.0,9
B0G2BPN56M,25.0,0.0,75.0,8
B0G2L2YC9D,0.0,0.0,100.0,8
B0G2XTRGNX,0.0,0.0,100.0,8
B0G3PTHM36,0.0,0.0,100.0,13
B0G3QSHJCC,0.0,0.0,100.0,8
B0G3QTZV2L,0.0,0.0,100.0,8
B0G3RD2XVH,0.0,0.0,100.0,8
B0G3WJZNZN,0.0,0.0,100.0,9
B0G4F6ZCSV,0.0,7.7,92.3,13
B0G4FH9ZZ7,0.0,0.0,100.0,13
B0G4FQ6CZT,15.4,0.0,84.6,13
B0G4LV352H,0.0,0.0,100.0,8
B0G4RRS5BP,12.5,12.5,75.0,8
B0G4V76JFT,12.5,0.0,87.5,8
B0G4XB3L4M,0.0,0.0,100.0,13
B0G57B32XT,12.5,0.0,87.5,8
B0G5BS3RLS,0.0,11.1,88.9,9
B0G5GGC7FP,7.7,7.7,84.6,13
B0G5PLHR14,0.0,0.0,100.0,8
B0G63LXK6R,7.7,0.0,92.3,13
B0G63LXZH1,0.0,0.0,100.0,11
B0G655BV6K,0.0,0.0,100.0,9
B0G67KHJ47,0.0,0.0,100.0,13
B0G6KNJH1Z,0.0,0.0,100.0,8
B0G6NCZ3WK,15.4,0.0,84.6,13
B0G7H6K1WN,0.0,0.0,100.0,8
B0G7RDYJFY,0.0,12.5,87.5,8
B0G7SSHT9F,12.5,0.0,87.5,8
B0G8HSMYJJ,0.0,0.0,100.0,8
B0G8HTRKQG,0.0,0.0,100.0,8
B0G8J89WBT,7.7,7.7,84.6,13
B0GC9RJQT1,0.0,0.0,100.0,8
B0GCHK16ZH,14.3,0.0,85.7,7
B0GCJQ4Z51,0.0,0.0,100.0,13
B0GCMGN8C8,0.0,0.0,100.0,13
B0GDF4PL97,12.5,12.5,75.0,8
B0GDFGPQQX,7.7,0.0,92.3,13
B0GDKY82DD,0.0,7.7,92.3,13
B0GF15CCZ1,12.5,12.5,75.0,8
B0GF1GYKW5,7.7,7.7,84.6,13
B0GFFTFYDB,0.0,0.0,100.0,8
B0GFVL4Z2W,7.7,0.0,92.3,13
B0GG3JNQGF,9.1,9.1,81.8,11
B0GGB5DNQP,12.5,0.0,87.5,8
B0GGLXDQM8,7.7,0.0,92.3,13
B0GGPBR4YP,0.0,0.0,100.0,13
B0GH7M2MPW,0.0,0.0,100.0,8
B0GHWLZF39,0.0,0.0,100.0,8
B0GJ5HHTJT,12.5,12.5,75.0,8
B0GJD6PHTZ,0.0,0.0,100.0,13
B0GJFXF52B,0.0,0.0,100.0,1
B0GK19NTQP,0.0,0.0,100.0,13
B0GK5WH85D,0.0,12.5,87.5,8
B0GK6Q7H3W,7.7,7.7,84.6,13
B0GK8NP71B,7.7,7.7,84.6,13
B0GKTWCLYZ,12.5,0.0,87.5,8
B0GL17JVGJ,0.0,0.0,100.0,8
B0GL2Q9SXV,0.0,12.5,87.5,8
B0GL99Y6ND,0.0,12.5,87.5,8
B0GLJ4P85L,0.0,0.0,100.0,8
B0GLYVY43Y,0.0,8.3,91.7,12
B0GMLBSSTD,0.0,0.0,100.0,13
B0GN8PWC9M,7.7,0.0,92.3,13
B0GPFKDGK8,0.0,0.0,100.0,8
B0GPNV3CTL,25.0,0.0,75.0,4
B0GQ3NZ83X,0.0,0.0,100.0,8
B0GQB1LPTR,0.0,0.0,100.0,8
B0GQBYVN9W,0.0,7.7,92.3,13
B0GQGJ4YF5,7.7,7.7,84.6,13
B0GQWSKBLD,0.0,0.0,100.0,13
B0GR8NM59C,15.4,0.0,84.6,13
B0GRVFY42Q,8.3,16.7,75.0,12
B0GRWVNYPN,7.7,7.7,84.6,13
B0GRYTYQL9,12.5,0.0,87.5,8
B0GS5QKBP2,12.5,0.0,87.5,8
B0GS5ZQYJF,0.0,11.1,88.9,9
B0GSPDRHW1,7.7,7.7,84.6,13
B0GSZBDJ85,0.0,12.5,87.5,8
B0GT6RLPMF,0.0,0.0,100.0,8
B0GT7WSNS5,0.0,11.1,88.9,9
B0GT8YM7Y1,12.5,0.0,87.5,8
B0GT9BR934,0.0,0.0,100.0,8
B0GTDBXDZT,0.0,0.0,100.0,8
B0GTM35PHV,0.0,0.0,100.0,7
B0GTV7FZJT,0.0,0.0,100.0,8
B0GTYJXMT7,0.0,0.0,100.0,13
B0GVG4BF6W,0.0,0.0,100.0,13
B0GVN98BP7,0.0,12.5,87.5,8
B0GVPKW5RG,0.0,0.0,100.0,1
B0GVSM61BG,0.0,0.0,100.0,8
B0GVVTMTT9,0.0,12.5,87.5,8
B0GVZYSLK2,0.0,18.2,81.8,11
B0GWGMHD1Y,0.0,0.0,100.0,13
B0GWH4ZZ7T,15.4,0.0,84.6,13
B0GWHGDFC6,0.0,12.5,87.5,8
B0GWKYMG6J,12.5,0.0,87.5,8
B0GWPXKLHB,0.0,14.3,85.7,7
B0GWWN7WCK,0.0,0.0,100.0,8
B0GX66CNNJ,23.1,7.7,69.2,13
B0GXBK19Z2,0.0,0.0,100.0,10
B0GXDJVWZX,0.0,12.5,87.5,8
B0GXDR1VWR,0.0,0.0,100.0,13
B0GXF38QL6,0.0,0.0,100.0,8
B0GXV4S23L,0.0,0.0,100.0,8
B0GXVTGXC2,12.5,0.0,87.5,8
B0GXZ39NBD,12.5,0.0,87.5,8
B0GXZ69S18,7.7,0.0,92.3,13
B0GY1H4MBY,0.0,15.4,84.6,13
B0GZNFHH9H,0.0,0.0,100.0,4
B0GZY5VR22,8.3,8.3,83.3,12
B0GZZV98MG,0.0,7.7,92.3,13
B0GZZVM9DX,0.0,12.5,87.5,8
B0H12BW67D,7.7,15.4,76.9,13
B0H13SBHS1,0.0,11.1,88.9,9
B0H14P6BZZ,12.5,0.0,87.5,8
B0H14TPV1L,25.0,12.5,62.5,8
B0H1B7725K,0.0,0.0,100.0,6
B0H1FPJ2GG,0.0,12.5,87.5,8
B0H1RRYP7S,12.5,0.0,87.5,8
B0H1YP71W7,0.0,0.0,100.0,13
B0H28ZM4NL,0.0,0.0,100.0,5
B0H29DY269,0.0,12.5,87.5,8
B0H2DVMCR1,11.1,22.2,66.7,9
B0H2LTLNM4,0.0,0.0,100.0,13
B0H2NBJ2RN,12.5,0.0,87.5,8
B0H2XG4DDJ,0.0,0.0,100.0,2
B0H33LG43X,0.0,0.0,100.0,13
B0H38R57G6,25.0,12.5,62.5,8
B0H39G9P1K,7.7,0.0,92.3,13
B0H3KB5CDG,12.5,12.5,75.0,8
B0H41M8Z7G,12.5,0.0,87.5,8
B0H431HLBT,12.5,12.5,75.0,8
B0H45CW221,12.5,0.0,87.5,8
B0H46WV6X2,12.5,25.0,62.5,8
B0H46YSXY4,0.0,0.0,100.0,5
B0H48V9BDW,0.0,0.0,100.0,13
B0H49HVCPW,0.0,10.0,90.0,10
B0H4HQ9XFN,23.1,15.4,61.5,13
B0H4SBT4SH,25.0,12.5,62.5,8
B0H5BYV9JJ,0.0,0.0,100.0,8
B0H5FG8TL2,0.0,0.0,100.0,13
B0H5FJXKRG,12.5,0.0,87.5,8
B0H5HJRS1M,0.0,12.5,87.5,8
B0H5Q9PBZ9,0.0,12.5,87.5,8
B0H5QW4HQS,0.0,12.5,87.5,8
B0H5R2SYQF,0.0,0.0,100.0,8
B0H5W2YR99,7.7,0.0,92.3,13
B0H5YDM8V5,0.0,0.0,100.0,8
B0H691WC3S,0.0,7.7,92.3,13
B0H697L1GC,12.5,0.0,87.5,8
B0H699TJC3,0.0,0.0,100.0,13
B0H69QPFZ8,7.7,7.7,84.6,13
B0H6HX1RNG,12.5,0.0,87.5,8
B0H6M2J4GK,12.5,0.0,87.5,8
B0H6N6WRHK,0.0,7.7,92.3,13
B0H6PZMQ1L,0.0,0.0,100.0,6
B0H6ZWLNZ3,25.0,0.0,75.0,8
B0H6ZWS7BF,25.0,12.5,62.5,8
B0H7BR91VM,15.4,7.7,76.9,13
B0H7FJH1PK,0.0,12.5,87.5,8
B0H7J63KND,0.0,12.5,87.5,8
B0H7R1LD7B,7.7,0.0,92.3,13
B0H7XF1D5Z,0.0,0.0,100.0,3
B0H82WWZ1D,0.0,0.0,100.0,8
B0H8DBTLV6,0.0,7.7,92.3,13
B0H8NBZD6F,0.0,0.0,100.0,2
B0H8Y9LL1G,0.0,0.0,100.0,13
B0H94JPT4S,0.0,0.0,100.0,13
B0H9D5WDWV,12.5,0.0,87.5,8
B0H9LHWBDK,0.0,0.0,100.0,13
B0H9LRGB3B,0.0,7.7,92.3,13
B0H9QF7FYV,0.0,7.7,92.3,13
B0H9R9NDSG,0.0,0.0,100.0,8
B0H9XRR9K4,0.0,0.0,100.0,13
B0HBC62SVX,0.0,0.0,100.0,7
B0HBNDKB2X,25.0,0.0,75.0,8
B0HBQ5M712,0.0,0.0,100.0,8
B0HBVXBZPZ,0.0,0.0,100.0,12
B0HBW8PTYN,0.0,0.0,100.0,13
B0HC34W1JG,0.0,0.0,100.0,5
B0HC3RNGYP,12.5,0.0,87.5,8
B0HDB6MTYJ,0.0,0.0,100.0,13
B0HDJ2BB9S,0.0,0.0,100.0,8
B0HDN4SV8F,0.0,0.0,100.0,10
